State,Crop,CostCultivation,CostCultivation2,Production,Yield,Temperature,RainFall Annual,Price
Uttar Pradesh,ARHAR,9794.05,9800.25,1941.55,9.83,28.96,3373.2,19589.1
Karnataka,ARHAR,10593.15,10594.15,2172.46,7.47,29.22,3520.7,21187.3
Gujarat,ARHAR,13468.82,13469.82,1898.3,9.59,28.47,2957.4,26938.64
Andhra Pradesh,ARHAR,17051.66,17052.66,3670.54,6.42,28.49,3079.6,34104.32
Maharashtra,ARHAR,17130.55,17131.55,2775.8,8.72,28.3,2566.7,34262.1
Maharashtra,COTTON,23711.44,23712.44,2539.47,12.69,28.73,2534.4,47423.88
Punjab,COTTON,29047.1,29048.1,2003.76,24.39,28.65,3347.9,58095.2
Andhra Pradesh,COTTON,29140.77,29141.77,2509.99,17.83,28.83,3576.4,58282.54
Gujarat,COTTON,29616.09,29617.09,2179.26,19.05,28.38,2899.4,59233.18
Haryana,COTTON,29918.97,29919.97,2127.35,19.9,28.53,2687.2,59838.94
Rajasthan,GRAM,8552.69,8553.69,1691.66,6.83,28.62,2960.5,17106.38
Madhya Pradesh,GRAM,9803.89,9804.89,1551.94,10.29,28.95,2365.8,19608.78
Uttar Pradesh,GRAM,12833.04,12834.04,1882.68,10.93,28.67,2957.8,25667.08
Maharashtra,GRAM,12985.95,12986.95,2277.68,8.05,28.66,2741.3,25972.9
Andhra Pradesh,GRAM,14421.98,14422.98,1559.04,16.69,28.94,2937.5,28844.96
Karnataka,GROUNDNUT,13647.1,13648.1,3484.01,4.71,28.82,2612.4,27295.2
Andhra Pradesh,GROUNDNUT,21229.01,21230.01,2554.91,11.97,28.11,3275,42459.02
Tamil Nadu,GROUNDNUT,22507.86,22508.86,2358,11.98,28.66,2352.1,45016.72
Gujarat,GROUNDNUT,22951.28,22952.28,1918.92,13.45,28.66,2943.2,45903.56
Maharashtra,GROUNDNUT,26078.66,26079.66,3207.35,9.33,28.76,2606.4,52158.32
Bihar,MAIZE,13513.92,13514.92,404.43,42.95,28.86,3554.2,27028.84
Karnataka,MAIZE,13792.85,13793.85,581.69,31.1,28.8,2357.7,27586.7
Rajasthan,MAIZE,14421.46,14422.46,658.77,23.56,28.74,2442.9,28843.92
Uttar Pradesh,MAIZE,15635.43,15636.43,1387.36,13.7,28.8,2480.5,31271.86
Andhra Pradesh,MAIZE,25687.09,25688.09,840.58,42.68,28.67,3282.2,51375.18
Orissa,MOONG,5483.54,5484.54,2614.14,3.01,28.7,2442.9,10968.08
Rajasthan,MOONG,6204.23,6205.23,2068.67,4.05,28.59,2998.3,12409.46
Karnataka,MOONG,6440.64,6441.64,5777.48,1.32,28.98,2926.6,12882.28
Andhra Pradesh,MOONG,6684.18,6685.18,2228.97,5.9,28.76,3075.1,13369.36
Maharashtra,MOONG,10780.76,10781.76,2261.24,6.7,28.65,2357.7,21562.52
Uttar Pradesh,PADDY,17022,17023,732.62,36.61,29.15,3007.5,34045
Orissa,PADDY,17478.05,17479.05,715.04,32.42,29.09,2987.5,34957.1
West Bengal,PADDY,24731.06,24732.06,731.25,39.04,28.49,3722.8,49463.12
Punjab,PADDY,25154.75,25155.75,669.86,67.41,29.03,3154,50310.5
Andhra Pradesh,PADDY,29664.84,29665.84,789.9,56,28.76,2987.5,59330.68
Madhya Pradesh, MUSTARD,8686.43,8687.43,1279.6,12.94,28.71,3591.1,17373.86
Rajasthan, MUSTARD,11385.7,11386.7,1341.29,13.54,28.7,3264.4,22772.4
Uttar Pradesh, MUSTARD,12774.41,12775.41,1595.56,13.57,28.7,2782.5,25549.82
Gujarat, MUSTARD,13740.64,13741.64,1610.4,11.61,28.85,3007.5,27482.28
Haryana, MUSTARD,14715.27,14716.27,1251.12,19.94,28.88,2898.2,29431.54
Uttar Pradesh,SUGARCANE,24538.32,24539.32,93.64,448.89,29.46,2782.5,49077.64
Karnataka,SUGARCANE,55655.44,55656.44,86.53,986.21,28.98,2791.6,111311.88
Andhra Pradesh,SUGARCANE,56621.16,56622.16,119.72,757.92,28.8,3007.5,113243.32
Maharashtra,SUGARCANE,57673.6,57674.6,107.56,744.01,28.89,3489.6,115348.2
Tamil Nadu,SUGARCANE,66335.06,66336.06,85.79,1015.45,28.97,2422.2,132671.12
Madhya Pradesh,WHEAT,12464.4,12465.4,810.25,23.59,29.37,3275.1,24929.8
Punjab,WHEAT,17945.58,17946.58,804.8,39.83,28.84,3079.9,35892.16
Uttar Pradesh,WHEAT,18979.38,18980.38,769.84,34.99,28.73,2721.9,37959.76
Rajasthan,WHEAT,19119.08,19120.08,683.58,37.19,28.89,3449,38239.16
Rajasthan, Wheat, 19119.08, 19120.08, 683.58, 37.19, 28.89, 3449, 38239.16
Punjab, Rice, 21000.50, 21010.75, 800.50, 42.75, 30.00, 3800, 40000.25
Maharashtra, Cotton, 15000.25, 15010.30, 500.40, 35.00, 29.50, 3000, 35000.10
Uttar Pradesh, Sugarcane, 18000.40, 18020.55, 750.25, 40.25, 32.00, 4500, 42000.50
West Bengal, Jute, 16000.30, 16010.45, 600.35, 38.20, 31.00, 3700, 38000.20
Karnataka, Coffee, 20000.70, 20010.90, 700.65, 41.75, 28.00, 3900, 41000.35
Andhra Pradesh, Cotton, 17000.55, 17010.85, 650.50, 39.00, 30.25, 3200, 36000.45
Bihar, Maize, 19000.80, 19010.95, 720.30, 43.00, 33.50, 3400, 39000.60
Tamil Nadu, Tea, 22000.65, 22010.85, 820.50, 45.25, 27.50, 4100, 43000.75
Gujarat, Groundnut, 14000.50, 14010.75, 480.40, 36.00, 28.75, 3100, 34000.50
State, Crop, CostCultivation, CostCultivation2, Production, Yield, Temperature, Rainfall, Price
Rajasthan, Wheat, 19119.08, 19120.08, 683.58, 37.19, 28.89, 3449, 38239.16
Punjab, Rice, 21000.50, 21010.75, 800.50, 42.75, 30.00, 3800, 40000.25
Maharashtra, Cotton, 15000.25, 15010.30, 500.40, 35.00, 29.50, 3000, 35000.10
Uttar Pradesh, Sugarcane, 18000.40, 18020.55, 750.25, 40.25, 32.00, 4500, 42000.50
West Bengal, Jute, 16000.30, 16010.45, 600.35, 38.20, 31.00, 3700, 38000.20
Karnataka, Coffee, 20000.70, 20010.90, 700.65, 41.75, 28.00, 3900, 41000.35
Andhra Pradesh, Cotton, 17000.55, 17010.85, 650.50, 39.00, 30.25, 3200, 36000.45
Bihar, Maize, 19000.80, 19010.95, 720.30, 43.00, 33.50, 3400, 39000.60
Tamil Nadu, Tea, 22000.65, 22010.85, 820.50, 45.25, 27.50, 4100, 43000.75
Gujarat, Groundnut, 14000.50, 14010.75, 480.40, 36.00, 28.75, 3100, 34000.50
Rajasthan, Rice, 18000.90, 18010.60, 700.60, 42.10, 30.50, 3700, 40000.30
Punjab, Wheat, 20000.55, 20010.80, 780.20, 40.50, 29.75, 3600, 39000.45
Maharashtra, Sugarcane, 17000.40, 17020.55, 650.25, 37.25, 31.50, 3300, 38000.60
Uttar Pradesh, Jute, 16000.30, 16010.45, 600.35, 38.20, 31.00, 3700, 38000.20
West Bengal, Coffee, 19000.70, 19010.90, 700.65, 41.75, 28.00, 3900, 41000.35
Karnataka, Maize, 17000.55, 17010.85, 650.50, 39.00, 30.25, 3200, 36000.45
Andhra Pradesh, Tea, 22000.80, 22010.95, 820.30, 45.50, 33.75, 3400, 39000.60
Bihar, Groundnut, 15000.65, 15010.85, 580.50, 36.25, 28.50, 3100, 34000.75
Tamil Nadu, Cotton, 18000.50, 18010.75, 680.40, 42.00, 30.25, 3600, 40000.50
Gujarat, Maize, 14000.25, 14010.30, 480.40, 36.00, 28.75, 3100, 34000.50
Rajasthan, Jute, 17000.80, 17010.95, 650.30, 43.00, 33.50, 3400, 39000.60
Punjab, Coffee, 22000.50, 22010.75, 820.40, 45.00, 27.50, 4100, 43000.50
Maharashtra, Groundnut, 14000.55, 14010.80, 480.20, 36.50, 29.75, 3100, 34000.45
Uttar Pradesh, Cotton, 20000.40, 20010.55, 750.25, 40.25, 32.00, 4500, 42000.50
West Bengal, Rice, 18000.30, 18010.45, 700.35, 42.20, 31.50, 3700, 40000.20
Karnataka, Wheat, 21000.70, 21010.90, 800.65, 42.75, 30.00, 3800, 40000.35
Andhra Pradesh, Sugarcane, 17000.55, 17010.85, 650.50, 39.00, 30.25, 3200, 36000.45
Bihar, Jute, 16000.80, 16010.95, 600.30, 38.50, 33.75, 3400, 39000.60
Tamil Nadu, Coffee, 19000.65, 19010.85, 700.50, 41.25, 28.50, 3900, 41000.75
Gujarat, Groundnut, 14000.50, 14010.75, 480.40, 36.00, 28.75, 3100, 34000.50
Rajasthan, Cotton, 17000.90, 17010.60, 650.60, 43.10, 30.50, 3700, 40000.30
Punjab, Maize, 19000.55, 19010.80, 720.20, 43.50, 33.75, 3400, 39000.45
Maharashtra, Tea, 22000.40, 22010.55, 820.25, 45.25, 32.00, 4500, 42000.50
Uttar Pradesh, Groundnut, 14000.30, 14010.45, 480.35, 36.20, 28.50, 3100, 34000.20
West Bengal, Cotton, 17000.70, 17010.90, 650.65, 43.75, 30.00, 3700, 40000.35
Karnataka, Rice, 18000.55, 18010.85, 700.50, 42.00, 30.25, 3600, 40000.45
Andhra Pradesh, Wheat, 20000.80, 20010.95, 780.30, 40.50, 29.75, 3600, 39000.60
Bihar, Sugarcane, 17000.65, 17010.85, 650.50, 39.25, 30.50, 3200, 36000.75
Tamil Nadu, Jute, 16000.50, 16010.75, 600.40, 38.00, 28.75, 3100, 34000.50
Gujarat, Coffee, 19000.25, 19010.30, 700.40, 41.00, 28.25, 3900, 41000.10
Rajasthan, Groundnut, 15000.80, 15010.95, 580.30, 36.50, 33.50, 3400, 39000.60
Punjab, Cotton, 18000.50, 18010.75, 680.40, 42.00, 30.25, 3600, 40000.50
Maharashtra, Maize, 14000.25, 14010.30, 480.40, 36.00, 28.75, 3100, 34000.50
Uttar Pradesh, Tea, 22000.80, 22010.95, 820.30, 45.50, 33.75, 3400, 39000.60
West Bengal, Groundnut, 15000.65, 15010.85, 580.50, 36.25, 28.50, 3100, 34000.75
Karnataka, Cotton, 18000.50, 18010.75, 680.40, 42.00, 30.25, 3600, 40000.50
Andhra Pradesh, Maize, 14000.25, 14010.30, 480.40, 36.
Kerala, Rice, 20000.50, 20010.75, 700.50, 42.75, 29.00, 4000, 42000.25
Kerala, Tea, 22000.65, 22010.85, 820.50, 45.25, 27.50, 4100, 43000.75
Kerala, Coffee, 20000.70, 20010.90, 700.65, 41.75, 28.00, 3900, 41000.35
Kerala, Rubber, 25000.80, 25010.95, 900.30, 47.00, 26.50, 4200, 45000.60
Kerala, Pepper, 24000.55, 24010.80, 880.20, 46.50, 27.75, 4100, 44000.45
Kerala, Coconut, 21000.40, 21010.55, 780.25, 42.25, 29.00, 4000, 42000.50
Kerala, Banana, 18000.30, 18010.45, 680.35, 38.20, 30.00, 3700, 39000.20
Kerala, Cardamom, 23000.70, 23010.90, 830.65, 45.75, 27.00, 4100, 44000.35
Kerala, Cashew, 22000.55, 22010.85, 820.50, 44.00, 27.50, 4000, 43000.45
Kerala, Ginger, 20000.40, 20010.55, 700.25, 41.25, 28.00, 3900, 41000.50
Kerala, Tapioca, 21000.50, 21010.75, 750.40, 43.00, 28.50, 4000, 42000.50
Kerala, Pineapple, 19000.25, 19010.30, 680.40, 38.00, 29.00, 3700, 39000.50
Kerala, Arecanut, 20000.80, 20010.95, 780.30, 42.50, 28.50, 4000, 42000.60
Kerala, Turmeric, 17000.65, 17010.85, 650.50, 39.00, 29.50, 3700, 39000.75
Kerala, Vanilla, 25000.50, 25010.75, 900.40, 47.00, 26.00, 4200, 45000.50
Kerala, Nutmeg, 23000.25, 23010.30, 830.40, 45.00, 27.00, 4100, 44000.50
Kerala, Clove, 22000.70, 22010.90, 820.65, 44.75, 27.50, 4000, 43000.35
Kerala, Cinnamon, 21000.55, 21010.85, 780.50, 42.00, 28.00, 3900, 42000.45
Kerala, Cocoa, 20000.40, 20010.55, 700.25, 41.25, 28.50, 3800, 41000.50
Kerala, Jackfruit, 18000.50, 18010.75, 680.40, 38.00, 30.00, 3700, 39000.50
Kerala, Papaya, 19000.25, 19010.30, 720.40, 40.00, 29.00, 3800, 40000.50
Kerala, Mango, 21000.80, 21010.95, 780.30, 42.50, 28.50, 4000, 42000.60
Kerala, Tapioca, 18000.65, 18010.85, 650.50, 39.00, 29.50, 3700, 39000.75
Kerala, Banana, 20000.50, 20010.75, 700.40, 41.00, 28.00, 3900, 41000.50
Kerala, Rice, 20000.25, 20010.30, 700.40, 42.00, 29.00, 4000, 42000.50
Kerala, Tea, 22000.80, 22010.95, 820.30, 45.50, 27.50, 4100, 43000.60
Kerala, Coffee, 20000.65, 20010.85, 700.50, 41.25, 28.00, 3900, 41000.75
Kerala, Rubber, 25000.50, 25010.75, 900.40, 47.00, 26.00, 4200, 45000.50
Kerala, Pepper, 24000.25, 24010.30, 880.40, 46.00, 27.00, 4100, 44000.50
Kerala, Coconut, 21000.70, 21010.90, 780.65, 42.75, 29.00, 4000, 42000.35
Kerala, Banana, 18000.55, 18010.85, 680.50, 38.00, 30.00, 3700, 39000.45
Kerala, Cardamom, 23000.40, 23010.55, 830.25, 45.25, 27.00, 4100, 44000.50
Kerala, Cashew, 22000.30, 22010.45, 820.35, 44.00, 27.00, 4000, 43000.20
Kerala, Ginger, 20000.70, 20010.90, 700.65, 41.75, 28.00, 3900, 41000.35
Kerala, Tapioca, 21000.55, 21010.85, 750.50, 43.00, 28.50, 4000, 42000.45
Kerala, Pineapple, 19000.40, 19010.55, 680.25, 38.25, 29.00, 3700, 39000.50
Kerala, Arecanut, 20000.50, 20010.75, 780.40, 42.00, 28.00, 3900, 41000.50
Kerala, Turmeric, 17000.25, 17010.30, 650.40, 39.00, 29.00, 3700, 39000.50
Kerala, Vanilla, 25000.80, 25010.95, 900.30, 47.00, 26.50, 4200, 45000.60
Kerala, Nutmeg, 23000.65, 23010.85, 830.50, 45.00, 27.00, 4100, 44000.75
Kerala, Clove, 22000.50, 22010.75, 820.40, 44.00, 27.00, 4000, 43000.50
Kerala, Cinnamon, 21000.25, 21010.30, 780.40, 42.00, 28.00, 3900, 42000.50
Kerala, Cocoa, 20000.70, 20010.90, 700.65, 41.75, 28.00, 3900, 41000.35
Kerala, Jackfruit, 18000.55, 18010.85, 680.50, 38.00, 30.00, 3700, 39000.45
Kerala, Papaya, 19000.40, 19010.55, 720.25, 40.00, 29.00, 3800, 40000.50
Kerala, Mango, 21000.50, 21010.75, 780.40, 42.00, 28.00, 3900, 41000.50
Kerala, Tapioca, 18000.25, 18010.30, 650.40, 39.00, 29.00, 3700, 39000.50
Tamil Nadu, Rice, 21000.50, 21010.75, 750.50, 40.75, 30.00, 3500, 40000.25
Tamil Nadu, Cotton, 18000.40, 18010.55, 680.25, 35.25, 32.00, 3000, 38000.50
Tamil Nadu, Sugarcane, 22000.65, 22010.85, 820.50, 45.25, 28.50, 4000, 43000.75
Tamil Nadu, Tea, 23000.70, 23010.90, 830.65, 46.75, 27.50, 4100, 44000.35
Tamil Nadu, Coffee, 20000.55, 20010.85, 700.50, 41.00, 29.00, 3900, 41000.45
Tamil Nadu, Groundnut, 14000.50, 14010.75, 580.40, 30.00, 33.00, 3200, 34000.50
Tamil Nadu, Maize, 16000.30, 16010.45, 600.35, 32.20, 31.00, 3500, 38000.20
Tamil Nadu, Banana, 17000.55, 17010.85, 650.50, 34.00, 30.25, 3400, 36000.45
Tamil Nadu, Coconut, 18000.80, 18010.95, 700.30, 36.00, 28.50, 3600, 39000.60
Tamil Nadu, Turmeric, 15000.65, 15010.85, 580.50, 30.25, 30.50, 3000, 34000.75
Tamil Nadu, Mango, 19000.50, 19010.75, 720.40, 38.00, 29.00, 3700, 40000.50
Tamil Nadu, Papaya, 20000.25, 20010.30, 740.40, 40.00, 30.00, 3800, 42000.50
Tamil Nadu, Pineapple, 21000.80, 21010.95, 750.30, 42.50, 29.50, 3900, 43000.60
Tamil Nadu, Tapioca, 18000.65, 18010.85, 650.50, 34.00, 31.50, 3500, 36000.75
Tamil Nadu, Rubber, 25000.50, 25010.75, 900.40, 47.00, 26.50, 4200, 45000.50
Tamil Nadu, Pepper, 24000.25, 24010.30, 880.40, 46.00, 27.50, 4100, 44000.50
Tamil Nadu, Cardamom, 23000.70, 23010.90, 830.65, 45.75, 28.00, 4000, 44000.35
Tamil Nadu, Clove, 22000.55, 22010.85, 820.50, 44.00, 27.00, 4000, 43000.45
Tamil Nadu, Ginger, 20000.40, 20010.55, 700.25, 41.25, 28.00, 3900, 41000.50
Tamil Nadu, Jackfruit, 18000.30, 18010.45, 680.35, 38.20, 29.50, 3700, 39000.20
Tamil Nadu, Arecanut, 17000.55, 17010.85, 650.50, 39.00, 30.50, 3400, 36000.45
Tamil Nadu, Cocoa, 20000.80, 20010.95, 780.30, 41.50, 28.50, 4000, 42000.60
Tamil Nadu, Nutmeg, 23000.65, 23010.85, 830.50, 45.25, 28.50, 4100, 44000.75
Tamil Nadu, Vanilla, 25000.50, 25010.75, 900.40, 47.00, 26.50, 4200, 45000.50
Tamil Nadu, Cinnamon, 21000.25, 21010.30, 780.40, 42.00, 29.00, 3900, 42000.50
Tamil Nadu, Turmeric, 17000.70, 17010.90, 650.65, 34.75, 30.00, 3400, 36000.35
Tamil Nadu, Cashew, 22000.55, 22010.85, 820.50, 44.00, 27.50, 4000, 43000.45
Tamil Nadu, Cardamom, 23000.40, 23010.55, 830.25, 45.25, 27.50, 4100, 44000.50
Tamil Nadu, Pepper, 24000.30, 24010.45, 880.35, 46.20, 27.50, 4100, 44000.20
Tamil Nadu, Rubber, 25000.70, 25010.90, 900.65, 47.75, 26.50, 4200, 45000.35
Tamil Nadu, Tapioca, 18000.55, 18010.85, 650.50, 34.00, 31.50, 3500, 36000.45
Tamil Nadu, Pineapple, 19000.40, 19010.55, 740.25, 40.25, 29.50, 3800, 42000.50
Tamil Nadu, Papaya, 20000.50, 20010.75, 740.40, 40.00, 30.00, 3800, 42000.50
Tamil Nadu, Mango, 21000.25, 21010.30, 720.40, 38.00, 29.00, 3700, 40000.50
Tamil Nadu, Coconut, 18000.65, 18010.85, 700.50, 36.00, 28.50, 3600, 39000.75
Tamil Nadu, Banana, 17000.50, 17010.75, 650.40, 34.00, 30.50, 3400, 36000.50
Tamil Nadu, Maize, 16000.25, 16010.30, 600.40, 32.00, 31.00, 3500, 38000.50
Tamil Nadu, Groundnut, 14000.70, 14010.90, 580.65, 30.75, 33.00, 3200, 34000.35
Tamil Nadu, Coffee, 20000.55, 20010.85, 700.50, 41.00, 29.00, 3900, 41000.45
Tamil Nadu, Tea, 23000.40, 23010.55, 830.25, 46.25, 27.50, 4100, 44000.50
Tamil Nadu, Sugarcane, 22000.30, 22010.45, 820.35, 45.00, 28.50, 4000, 43000.20
Tamil Nadu, Cotton, 18000.70, 18010.90, 680.65, 35.75, 32.00, 3000, 38000.35
Tamil Nadu, Rice, 21000.55, 21010.85, 750.50, 40.00, 30.00, 3500, 40000.45
Tamil Nadu, Rice, 21000.50, 21010.75, 750.50, 40.75, 30.00, 3500, 40000.25
Tamil Nadu, Cotton, 18000.40, 18010.55, 680.25, 35.25, 32.00, 3000, 38000.50
Tamil Nadu, Sugarcane, 22000.65, 22010.85, 820.50, 45.25, 28.50, 4000, 43000.75
Tamil Nadu, Tea, 23000.70, 23010.90, 830.65, 46.75, 27.50, 4100, 44000.35
Karnataka, Rice, 22000.50, 22010.75, 720.50, 38.75, 28.00, 3000, 42000.25
Karnataka, Sugarcane, 25000.40, 25010.55, 800.25, 42.25, 27.00, 3500, 46000.50
Karnataka, Cotton, 20000.65, 20010.85, 700.50, 36.25, 30.00, 3100, 40000.75
Karnataka, Coffee, 23000.70, 23010.90, 830.65, 46.75, 25.50, 3200, 44000.35
Karnataka, Tea, 22000.55, 22010.85, 800.50, 45.00, 26.00, 3000, 43000.45
Karnataka, Groundnut, 15000.50, 15010.75, 680.40, 34.00, 31.00, 2700, 34000.50
Karnataka, Maize, 16000.30, 16010.45, 700.35, 38.20, 29.00, 3200, 38000.20
Karnataka, Banana, 18000.55, 18010.85, 680.50, 38.00, 28.25, 3100, 37000.45
Karnataka, Coconut, 19000.80, 19010.95, 720.30, 40.00, 27.50, 3400, 40000.60
Karnataka, Turmeric, 17000.65, 17010.85, 650.50, 32.25, 30.50, 2700, 34000.75
Karnataka, Mango, 21000.50, 21010.75, 780.40, 42.00, 28.00, 3300, 42000.50
Karnataka, Papaya, 20000.25, 20010.30, 720.40, 40.00, 29.00, 3400, 41000.50
Karnataka, Pineapple, 22000.80, 22010.95, 750.30, 44.50, 27.50, 3500, 43000.60
Karnataka, Tapioca, 18000.65, 18010.85, 680.50, 36.00, 31.50, 3100, 37000.75
Karnataka, Rubber, 26000.50, 26010.75, 900.40, 48.00, 26.50, 3600, 46000.50
Karnataka, Pepper, 24000.25, 24010.30, 870.40, 46.00, 27.00, 3400, 44000.50
Karnataka, Cardamom, 23000.70, 23010.90, 820.65, 45.75, 27.50, 3100, 43000.35
Karnataka, Clove, 22000.55, 22010.85, 810.50, 44.00, 26.50, 3200, 42000.45
Karnataka, Ginger, 20000.40, 20010.55, 700.25, 41.25, 28.00, 3000, 41000.50
Karnataka, Jackfruit, 19000.30, 19010.45, 720.35, 38.20, 29.50, 3300, 40000.20
Karnataka, Arecanut, 17000.55, 17010.85, 650.50, 35.00, 30.50, 3000, 37000.45
Karnataka, Cocoa, 21000.80, 21010.95, 770.30, 41.50, 27.50, 3400, 42000.60
Karnataka, Nutmeg, 23000.65, 23010.85, 820.50, 44.25, 27.50, 3200, 44000.75
Karnataka, Vanilla, 25000.50, 25010.75, 880.40, 46.00, 26.50, 3500, 45000.50
Karnataka, Cinnamon, 22000.25, 22010.30, 800.40, 43.00, 28.00, 3100, 43000.50
Karnataka, Turmeric, 18000.70, 18010.90, 700.65, 36.75, 30.00, 3100, 37000.35
Karnataka, Cashew, 21000.55, 21010.85, 780.50, 42.00, 28.50, 3200, 42000.45
Karnataka, Cardamom, 23000.40, 23010.55, 820.25, 45.25, 27.50, 3100, 43000.50
Karnataka, Pepper, 24000.30, 24010.45, 870.35, 46.20, 27.00, 3400, 44000.20
Karnataka, Rubber, 26000.70, 26010.90, 900.65, 48.75, 26.50, 3600, 46000.35
Karnataka, Tapioca, 18000.55, 18010.85, 680.50, 36.00, 31.50, 3100, 37000.45
Karnataka, Pineapple, 19000.40, 19010.55, 740.25, 40.25, 29.50, 3300, 41000.50
Karnataka, Papaya, 20000.50, 20010.75, 740.40, 40.00, 30.00, 3400, 41000.50
Karnataka, Mango, 21000.25, 21010.30, 780.40, 42.00, 28.00, 3300, 42000.50
Karnataka, Coconut, 19000.65, 19010.85, 720.50, 40.00, 27.50, 3400, 40000.75
Karnataka, Banana, 18000.50, 18010.75, 680.40, 36.00, 28.50, 3100, 37000.50
Karnataka, Maize, 16000.25, 16010.30, 700.40, 38.00, 29.00, 3200, 38000.50
Karnataka, Groundnut, 15000.70, 15010.90, 680.65, 34.75, 31.00, 2700, 34000.35
Karnataka, Coffee, 23000.55, 23010.85, 830.50, 46.00, 25.50, 3200, 44000.45
Karnataka, Tea, 22000.40, 22010.55, 800.25, 45.25, 26.50, 3000, 43000.50
Karnataka, Sugarcane, 25000.30, 25010.45, 800.35, 42.00, 27.00, 3500, 46000.20
Karnataka, Cotton, 20000.70, 20010.90, 700.65, 36.75, 30.00, 3100, 40000.35
Karnataka, Rice, 22000.55, 22010.85, 720.50, 38.00, 28.00, 3000, 42000.45
Karnataka, Rice, 22000.50, 22010.75, 720.50, 38.75, 28.00, 3000, 42000.25
Karnataka, Sugarcane, 25000.40, 25010.55, 800.25, 42.25, 27.00, 3500, 46000.50
Karnataka, Cotton, 20000.65, 20010.85, 700.50, 36.25, 30.00, 3100, 40000
State, Crop, CostCultivation, CostCultivation2, Production, Yield, Temperature, Rainfall, Price
Andhra Pradesh, Rice, 19000.50, 19010.75, 720.50, 38.75, 29.00, 1000, 40000.25
Andhra Pradesh, Sugarcane, 22000.40, 22010.55, 780.25, 40.25, 30.00, 1500, 45000.50
Andhra Pradesh, Cotton, 17000.65, 17010.85, 650.50, 34.25, 31.00, 1100, 37000.75
Andhra Pradesh, Coffee, 20000.70, 20010.90, 800.65, 44.75, 26.50, 1200, 41000.35
Andhra Pradesh, Tea, 19000.55, 19010.85, 750.50, 42.00, 27.50, 1000, 40000.45
Andhra Pradesh, Groundnut, 13000.50, 13010.75, 650.40, 32.00, 32.00, 900, 32000.50
Andhra Pradesh, Maize, 14000.30, 14010.45, 670.35, 34.20, 30.00, 1100, 35000.20
Andhra Pradesh, Banana, 15000.55, 15010.85, 700.50, 36.00, 29.25, 1000, 33000.45
Andhra Pradesh, Coconut, 16000.80, 16010.95, 740.30, 38.00, 28.50, 1200, 36000.60
Andhra Pradesh, Turmeric, 14000.65, 14010.85, 640.50, 30.25, 31.50, 900, 31000.75
Andhra Pradesh, Mango, 17000.50, 17010.75, 700.40, 40.00, 29.00, 1100, 38000.50
Andhra Pradesh, Papaya, 16000.25, 16010.30, 720.40, 38.00, 30.00, 1000, 37000.50
Andhra Pradesh, Pineapple, 18000.80, 18010.95, 750.30, 42.50, 28.50, 1200, 40000.60
Andhra Pradesh, Tapioca, 15000.65, 15010.85, 660.50, 34.00, 30.50, 1100, 33000.75
Andhra Pradesh, Rubber, 23000.50, 23010.75, 880.40, 46.00, 27.50, 1400, 44000.50
Andhra Pradesh, Pepper, 22000.25, 22010.30, 850.40, 45.00, 28.50, 1300, 43000.50
Andhra Pradesh, Cardamom, 21000.70, 21010.90, 800.65, 44.75, 28.00, 1200, 42000.35
Andhra Pradesh, Clove, 20000.55, 20010.85, 780.50, 43.00, 27.50, 1100, 41000.45
Andhra Pradesh, Ginger, 18000.40, 18010.55, 680.25, 40.25, 28.50, 1000, 39000.50
Andhra Pradesh, Jackfruit, 17000.30, 17010.45, 650.35, 38.20, 29.50, 1000, 37000.20
Andhra Pradesh, Arecanut, 16000.55, 16010.85, 640.50, 37.00, 30.50, 900, 36000.45
Andhra Pradesh, Cocoa, 18000.80, 18010.95, 740.30, 40.50, 28.50, 1100, 38000.60
Andhra Pradesh, Nutmeg, 20000.65, 20010.85, 800.50, 44.25, 28.50, 1200, 41000.75
Andhra Pradesh, Vanilla, 23000.50, 23010.75, 870.40, 46.00, 27.50, 1300, 44000.50
Andhra Pradesh, Cinnamon, 19000.25, 19010.30, 760.40, 41.00, 29.00, 1100, 41000.50
Andhra Pradesh, Turmeric, 15000.70, 15010.90, 660.65, 33.75, 31.00, 1000, 33000.35
Andhra Pradesh, Cashew, 20000.55, 20010.85, 800.50, 42.00, 29.50, 1100, 42000.45
Andhra Pradesh, Cardamom, 21000.40, 21010.55, 820.25, 44.25, 28.50, 1200, 43000.50
Andhra Pradesh, Pepper, 22000.30, 22010.45, 850.35, 45.20, 28.50, 1300, 44000.20
Andhra Pradesh, Rubber, 23000.70, 23010.90, 880.65, 46.75, 27.50, 1400, 45000.35
Andhra Pradesh, Tapioca, 15000.55, 15010.85, 660.50, 34.00, 30.50, 1100, 33000.45
Andhra Pradesh, Pineapple, 17000.40, 17010.55, 740.25, 40.25, 29.50, 1200, 39000.50
Andhra Pradesh, Papaya, 16000.50, 16010.75, 720.40, 38.00, 30.00, 1000, 37000.50
Andhra Pradesh, Mango, 18000.25, 18010.30, 700.40, 40.00, 29.00, 1100, 38000.50
Andhra Pradesh, Coconut, 16000.65, 16010.85, 740.50, 38.00, 28.50, 1200, 36000.75
Andhra Pradesh, Banana, 15000.50, 15010.75, 700.40, 36.00, 29.50, 1000, 33000.50
Andhra Pradesh, Maize, 14000.25, 14010.30, 670.40, 34.00, 30.00, 1100, 35000.50
Andhra Pradesh, Groundnut, 13000.70, 13010.90, 650.65, 32.75, 32.00, 900, 32000.35
Andhra Pradesh, Coffee, 20000.55, 20010.85, 800.50, 44.00, 26.50, 1200, 41000.45
Andhra Pradesh, Tea, 19000.40, 19010.55, 750.25, 42.25, 27.50, 1000, 40000.50
Andhra Pradesh, Sugarcane, 22000.30, 22010.45, 780.35, 40.00, 30.00, 1500, 45000.20
Andhra Pradesh, Cotton, 17000.70, 17010.90, 650.65, 34.75, 31.00, 1100, 37000.35
Andhra Pradesh, Rice, 19000.55, 19010.85, 720.50, 38.00, 29.00, 1000, 40000.45
Andhra Pradesh, Rice, 19000.50, 19010.75, 720.50, 38.75, 29.00, 1000, 40000.25
Andhra Pradesh, Sugarcane, 22000.40, 22010.55, 780.25, 40.25, 30.00, 1500, 45000.50
Andhra Pradesh, Cotton, 17000.65, 17010.85, 650.50, 34.25, 31.00, 1100, 37000.75
Arunachal Pradesh, Rice, 18000.50, 18010.75, 680.50, 38.75, 25.00, 2000, 39000.25
Arunachal Pradesh, Maize, 15000.40, 15010.55, 650.25, 34.25, 26.00, 2500, 36000.50
Arunachal Pradesh, Millet, 14000.65, 14010.85, 620.50, 32.25, 27.00, 2300, 35000.75
Arunachal Pradesh, Wheat, 16000.70, 16010.90, 700.65, 42.75, 24.50, 2400, 37000.35
Arunachal Pradesh, Barley, 15000.55, 15010.85, 670.50, 40.00, 25.50, 2200, 36000.45
Arunachal Pradesh, Pulses, 13000.50, 13010.75, 630.40, 30.00, 28.00, 2100, 33000.50
Arunachal Pradesh, Soybean, 14000.30, 14010.45, 660.35, 32.20, 26.00, 2400, 34000.20
Arunachal Pradesh, Groundnut, 15000.55, 15010.85, 680.50, 36.00, 25.25, 2300, 35000.45
Arunachal Pradesh, Mustard, 16000.80, 16010.95, 700.30, 38.00, 24.50, 2600, 37000.60
Arunachal Pradesh, Tea, 14000.65, 14010.85, 620.50, 30.25, 27.50, 2100, 34000.75
Arunachal Pradesh, Coffee, 17000.50, 17010.75, 720.40, 40.00, 26.00, 2500, 38000.50
Arunachal Pradesh, Sugarcane, 16000.25, 16010.30, 700.40, 38.00, 27.00, 2600, 37000.50
Arunachal Pradesh, Banana, 18000.80, 18010.95, 740.30, 42.50, 25.50, 2700, 39000.60
Arunachal Pradesh, Ginger, 15000.65, 15010.85, 680.50, 34.00, 27.50, 2300, 35000.75
Arunachal Pradesh, Orange, 20000.50, 20010.75, 800.40, 46.00, 24.50, 2800, 42000.50
Arunachal Pradesh, Cardamom, 19000.25, 19010.30, 780.40, 45.00, 25.50, 2700, 41000.50
Arunachal Pradesh, Pineapple, 18000.70, 18010.90, 740.65, 44.75, 26.00, 2600, 40000.35
Arunachal Pradesh, Kiwi, 17000.55, 17010.85, 700.50, 43.00, 25.50, 2500, 39000.45
Arunachal Pradesh, Passionfruit, 15000.40, 15010.55, 680.25, 40.25, 26.50, 2400, 37000.50
Arunachal Pradesh, Bamboo, 14000.30, 14010.45, 620.35, 38.20, 27.50, 2300, 35000.20
Arunachal Pradesh, Rubber, 16000.55, 16010.85, 700.50, 37.00, 25.50, 2600, 37000.45
Arunachal Pradesh, Jute, 18000.80, 18010.95, 740.30, 40.50, 24.50, 2700, 39000.60
Arunachal Pradesh, Cotton, 20000.65, 20010.85, 780.50, 44.25, 26.50, 2800, 42000.75
Arunachal Pradesh, Cashew, 21000.50, 21010.75, 820.40, 46.00, 25.50, 2900, 43000.50
Arunachal Pradesh, Coconut, 19000.25, 19010.30, 780.40, 43.00, 27.00, 2700, 41000.50
Arunachal Pradesh, Pepper, 15000.70, 15010.90, 680.65, 33.75, 28.00, 2300, 35000.35
Arunachal Pradesh, Arecanut, 20000.55, 20010.85, 800.50, 42.00, 26.50, 2500, 40000.45
Arunachal Pradesh, Clove, 21000.40, 21010.55, 820.25, 44.25, 25.50, 2700, 41000.50
Arunachal Pradesh, Turmeric, 22000.30, 22010.45, 840.35, 45.20, 25.50, 2800, 42000.20
Arunachal Pradesh, Ginger, 15000.55, 15010.85, 680.50, 34.00, 27.50, 2300, 35000.45
Arunachal Pradesh, Pineapple, 17000.40, 17010.55, 740.25, 40.25, 29.50, 2700, 39000.50
Arunachal Pradesh, Papaya, 16000.50, 16010.75, 720.40, 38.00, 30.00, 2600, 37000.50
Arunachal Pradesh, Mango, 18000.25, 18010.30, 700.40, 40.00, 29.00, 2700, 38000.50
Arunachal Pradesh, Coconut, 16000.65, 16010.85, 740.50, 38.00, 28.50, 2600, 36000.75
Arunachal Pradesh, Banana, 15000.50, 15010.75, 700.40, 36.00, 29.50, 2300, 33000.50
Arunachal Pradesh, Maize, 14000.25, 14010.30, 670.40, 34.00, 30.00, 2400, 35000.50
Arunachal Pradesh, Groundnut, 13000.70, 13010.90, 650.65, 32.75, 32.00, 2100, 32000.35
Arunachal Pradesh, Coffee, 20000.55, 20010.85, 800.50, 44.00, 26.50, 2500, 41000.45
Arunachal Pradesh, Tea, 19000.40, 19010.55, 750.25, 42.25, 27.50, 2300, 40000.50
Arunachal Pradesh, Sugarcane, 22000.30, 22010.45, 780.35, 40.00, 30.00, 2700, 45000.20
Arunachal Pradesh, Cotton, 17000.70, 17010.90, 650.65, 34.75, 31.00, 2400, 37000.35
Arunachal Pradesh, Rice, 18000.55, 18010.85, 720.50, 38.00, 29.00, 2300, 40000.45
Arunachal Pradesh, Rice, 18000.50, 18010.75, 720.50, 38.75, 29.00, 2000, 39000.25
Arunachal Pradesh, Sugarcane, 22000.40, 22010.55, 780.25, 40.25, 30.00, 2700, 45000.50
Arunachal Pradesh, Cotton, 17000.65, 17010.85, 650.50, 34.25, 31.
Assam, Rice, 16000.50, 16010.75, 690.50, 38.75, 24.00, 1800, 38000.25
Assam, Tea, 18000.40, 18010.55, 720.25, 40.25, 25.00, 1900, 41000.50
Assam, Jute, 14000.65, 14010.85, 640.50, 32.25, 26.00, 1700, 35000.75
Assam, Sugarcane, 16000.70, 16010.90, 720.65, 42.75, 24.50, 2000, 37000.35
Assam, Banana, 15000.55, 15010.85, 680.50, 40.00, 25.50, 1800, 36000.45
Assam, Rubber, 13000.50, 13010.75, 640.40, 30.00, 28.00, 1900, 33000.50
Assam, Pineapple, 14000.30, 14010.45, 660.35, 32.20, 26.00, 1700, 34000.20
Assam, Arecanut, 15000.55, 15010.85, 680.50, 36.00, 25.25, 1800, 35000.45
Assam, Coconut, 16000.80, 16010.95, 700.30, 38.00, 24.50, 1900, 37000.60
Assam, Mustard, 14000.65, 14010.85, 640.50, 30.25, 27.50, 1700, 34000.75
Assam, Ginger, 17000.50, 17010.75, 700.40, 40.00, 26.00, 2000, 38000.50
Assam, Cardamom, 16000.25, 16010.30, 680.40, 38.00, 27.00, 1900, 37000.50
Assam, Orange, 18000.80, 18010.95, 740.30, 42.50, 25.50, 2000, 39000.60
Assam, Bamboo, 15000.65, 15010.85, 680.50, 34.00, 27.50, 1800, 35000.75
Assam, Pepper, 20000.50, 20010.75, 800.40, 46.00, 24.50, 2100, 42000.50
Assam, Clove, 19000.25, 19010.30, 780.40, 45.00, 25.50, 2000, 41000.50
Assam, Turmeric, 18000.70, 18010.90, 740.65, 44.75, 26.00, 1900, 40000.35
Assam, Cashew, 17000.55, 17010.85, 700.50, 43.00, 25.50, 2000, 39000.45
Assam, Lemon, 15000.40, 15010.55, 680.25, 40.25, 26.50, 1800, 37000.50
Assam, Pineapple, 14000.30, 14010.45, 640.35, 38.20, 27.50, 1700, 35000.20
Assam, Rubber, 16000.55, 16010.85, 700.50, 37.00, 25.50, 1900, 37000.45
Assam, Jute, 18000.80, 18010.95, 740.30, 40.50, 24.50, 2000, 39000.60
Assam, Coconut, 20000.65, 20010.85, 780.50, 44.25, 26.50, 2100, 42000.75
Assam, Cotton, 21000.50, 21010.75, 820.40, 46.00, 25.50, 2200, 43000.50
Assam, Rice, 19000.25, 19010.30, 780.40, 43.00, 27.00, 2000, 41000.50
Assam, Tea, 15000.70, 15010.90, 680.65, 33.75, 28.00, 1800, 35000.35
Assam, Ginger, 20000.55, 20010.85, 800.50, 42.00, 26.50, 1900, 40000.45
Assam, Pepper, 21000.40, 21010.55, 820.25, 44.25, 25.50, 2000, 41000.50
Assam, Clove, 22000.30, 22010.45, 840.35, 45.20, 25.50, 2100, 42000.20
Assam, Turmeric, 15000.55, 15010.85, 680.50, 34.00, 27.50, 1800, 35000.45
Assam, Pineapple, 17000.40, 17010.55, 740.25, 40.25, 29.50, 2000, 39000.50
Assam, Lemon, 16000.50, 16010.75, 720.40, 38.00, 30.00, 1900, 37000.50
Assam, Banana, 18000.25, 18010.30, 700.40, 40.00, 29.00, 2000, 38000.50
Assam, Coconut, 16000.65, 16010.85, 740.50, 38.00, 28.50, 1900, 36000.75
Assam, Mustard, 15000.50, 15010.75, 700.40, 36.00, 29.50, 1800, 33000.50
Assam, Arecanut, 14000.25, 14010.30, 670.40, 34.00, 30.00, 1900, 35000.50
Assam, Groundnut, 13000.70, 13010.90, 650.65, 32.75, 32.00, 1700, 32000.35
Assam, Coffee, 20000.55, 20010.85, 800.50, 44.00, 26.50, 1900, 41000.45
Assam, Cardamom, 19000.40, 19010.55, 750.25, 42.25, 27.50, 1800, 40000.50
Assam, Sugarcane, 22000.30, 22010.45, 780.35, 40.00, 30.00, 2000, 45000.20
Assam, Cotton, 17000.70, 17010.90, 650.65, 34.75, 31.00, 1900, 37000.35
Assam, Rice, 16000.55, 16010.85, 720.50, 38.00, 29.00, 1800, 40000.45
Assam, Tea, 18000.50, 18010.75, 720.50, 38.75, 29.00, 1900, 41000.25
Assam, Jute, 14000.40, 14010.55, 640.25, 34.25, 26.00, 1700, 35000.50
Assam, Cotton, 17000.65, 17010.85, 650.50, 34.25, 31.00, 1900, 37000.75
Assam, Banana, 15000.25, 15010.30, 700.40, 36.25, 29.50, 1800, 34000.50
Assam, Pineapple, 14000.70, 14010.90, 670.65, 32.75, 28.50, 1700, 35000.35
Bihar, Rice, 17000.50, 17010.75, 700.50, 38.75, 27.00, 1600, 38000.25
Bihar, Wheat, 15000.40, 15010.55, 650.25, 34.25, 28.00, 1800, 36000.50
Bihar, Maize, 14000.65, 14010.85, 620.50, 32.25, 29.00, 1500, 35000.75
Bihar, Pulses, 16000.70, 16010.90, 700.65, 42.75, 26.50, 1700, 37000.35
Bihar, Sugarcane, 15000.55, 15010.85, 670.50, 40.00, 27.50, 1400, 36000.45
Bihar, Jute, 13000.50, 13010.75, 630.40, 30.00, 30.00, 1300, 33000.50
Bihar, Potato, 14000.30, 14010.45, 660.35, 32.20, 28.00, 1400, 34000.20
Bihar, Onion, 15000.55, 15010.85, 680.50, 36.00, 27.25, 1500, 35000.45
Bihar, Tomato, 16000.80, 16010.95, 700.30, 38.00, 26.50, 1600, 37000.60
Bihar, Cauliflower, 14000.65, 14010.85, 620.50, 30.25, 29.50, 1400, 34000.75
Bihar, Cabbage, 17000.50, 17010.75, 720.40, 40.00, 28.00, 1800, 38000.50
Bihar, Brinjal, 16000.25, 16010.30, 700.40, 38.00, 29.00, 1700, 37000.50
Bihar, Peas, 18000.80, 18010.95, 740.30, 42.50, 27.50, 1600, 39000.60
Bihar, Carrot, 15000.65, 15010.85, 680.50, 34.00, 29.50, 1400, 35000.75
Bihar, Radish, 20000.50, 20010.75, 800.40, 46.00, 26.50, 1800, 42000.50
Bihar, Spinach, 19000.25, 19010.30, 780.40, 45.00, 27.50, 1600, 41000.50
Bihar, Coriander, 18000.70, 18010.90, 740.65, 44.75, 28.00, 1500, 40000.35
Bihar, Mustard, 17000.55, 17010.85, 700.50, 43.00, 27.50, 1600, 39000.45
Bihar, Soybean, 15000.40, 15010.55, 680.25, 40.25, 28.50, 1500, 37000.50
Bihar, Groundnut, 14000.30, 14010.45, 620.35, 38.20, 29.50, 1400, 35000.20
Bihar, Lentil, 16000.55, 16010.85, 700.50, 37.00, 27.50, 1600, 37000.45
Bihar, Sesame, 18000.80, 18010.95, 740.30, 40.50, 26.50, 1700, 39000.60
Bihar, Linseed, 20000.65, 20010.85, 780.50, 44.25, 28.50, 1800, 42000.75
Bihar, Mung Bean, 21000.50, 21010.75, 820.40, 46.00, 27.50, 1900, 43000.50
Bihar, Cotton, 19000.25, 19010.30, 780.40, 43.00, 29.00, 1600, 41000.50
Bihar, Peanut, 15000.70, 15010.90, 680.65, 33.75, 30.00, 1400, 35000.35
Bihar, Gram, 20000.55, 20010.85, 800.50, 42.00, 28.50, 1500, 40000.45
Bihar, Chickpea, 21000.40, 21010.55, 820.25, 44.25, 27.50, 1600, 41000.50
Bihar, Sesame, 22000.30, 22010.45, 840.35, 45.20, 27.50, 1700, 42000.20
Bihar, Mustard, 15000.55, 15010.85, 680.50, 34.00, 29.50, 1400, 35000.45
Bihar, Peanut, 17000.40, 17010.55, 740.25, 40.25, 31.50, 1700, 39000.50
Bihar, Mung Bean, 16000.50, 16010.75, 720.40, 38.00, 32.00, 1600, 37000.50
Bihar, Soybean, 18000.25, 18010.30, 700.40, 40.00, 31.00, 1700, 38000.50
Bihar, Gram, 16000.65, 16010.85, 740.50, 38.00, 30.50, 1600, 36000.75
Bihar, Chickpea, 15000.50, 15010.75, 700.40, 36.00, 31.50, 1400, 33000.50
Bihar, Mung Bean, 14000.25, 14010.30, 670.40, 34.00, 32.00, 1500, 35000.50
Bihar, Groundnut, 13000.70, 13010.90, 650.65, 32.75, 34.00, 1300, 32000.35
Bihar, Lentil, 20000.55, 20010.85, 800.50, 44.00, 28.50, 1600, 41000.45
Bihar, Linseed, 19000.40, 19010.55, 750.25, 42.25, 29.50, 1400, 40000.50
Bihar, Cotton, 22000.30, 22010.45, 780.35, 40.00, 32.00, 1700, 45000.20
Bihar, Rice, 17000.70, 17010.90, 650.65, 34.75, 33.00, 1500, 37000.35
Bihar, Wheat, 18000.55, 18010.85, 720.50, 38.00, 31.00, 1400, 40000.45
Bihar, Maize, 18000.50, 18010.75, 720.50, 38.75, 31.00, 1600, 39000.25
Bihar, Jute, 14000.40, 14010.55, 640.25, 34.25, 28.00, 1300, 35000.50
Bihar, Pulses, 17000.65, 17010.85, 650.50, 34.25, 33.00, 1600, 37000.75
Bihar, Sugarcane, 15000.25, 15010.30, 700.40, 36.25, 31.50, 1400, 34000.50
Bihar, Potato, 14000.70, 14010.90, 670.65, 32.75, 30.50, 1300, 35000.35
Chhattisgarh, Rice, 15000.50, 15010.75, 720.50, 38.00, 27.00, 1600, 37000.25
Chhattisgarh, Maize, 14000.40, 14010.55, 680.25, 35.50, 28.50, 1700, 35000.50
Chhattisgarh, Wheat, 16000.65, 16010.85, 700.50, 37.00, 29.00, 1500, 36000.75
Chhattisgarh, Pulses, 17000.70, 17010.90, 720.65, 40.00, 27.50, 1600, 38000.35
Chhattisgarh, Sugarcane, 15000.55, 15010.85, 690.50, 39.00, 28.00, 1500, 37000.45
Chhattisgarh, Cotton, 14000.30, 14010.45, 660.35, 32.00, 29.50, 1600, 34000.20
Chhattisgarh, Soybean, 16000.55, 16010.85, 700.50, 37.50, 27.00, 1500, 36000.45
Chhattisgarh, Groundnut, 15000.40, 15010.55, 680.25, 36.00, 28.50, 1400, 35000.50
Chhattisgarh, Mustard, 14000.25, 14010.30, 670.40, 35.00, 30.00, 1600, 34000.50
Chhattisgarh, Pulses, 17000.50, 17010.75, 700.50, 37.00, 29.00, 1500, 38000.25
Chhattisgarh, Rice, 15000.30, 15010.45, 680.25, 36.00, 27.50, 1600, 36000.20
Chhattisgarh, Maize, 14000.55, 14010.85, 660.35, 34.25, 28.00, 1500, 35000.45
Chhattisgarh, Wheat, 16000.70, 16010.90, 720.50, 38.75, 29.50, 1700, 38000.35
Chhattisgarh, Sugarcane, 15000.65, 15010.85, 690.50, 39.00, 27.50, 1600, 37000.75
Chhattisgarh, Cotton, 14000.40, 14010.55, 670.25, 32.75, 28.50, 1500, 34000.50
Chhattisgarh, Soybean, 16000.55, 16010.75, 710.50, 37.50, 29.00, 1600, 36000.45
Chhattisgarh, Groundnut, 15000.25, 15010.30, 680.50, 36.25, 27.50, 1500, 35000.50
Chhattisgarh, Mustard, 14000.55, 14010.85, 660.65, 34.75, 30.00, 1500, 34000.75
Chhattisgarh, Rice, 16000.50, 16010.75, 710.25, 37.00, 27.50, 1600, 37000.45
Chhattisgarh, Maize, 15000.40, 15010.55, 690.50, 35.00, 28.00, 1700, 36000.50
Chhattisgarh, Wheat, 17000.65, 17010.85, 700.25, 36.75, 29.50, 1500, 38000.35
Chhattisgarh, Sugarcane, 16000.70, 16010.90, 710.50, 38.00, 27.00, 1600, 37000.75
Chhattisgarh, Cotton, 15000.55, 15010.85, 680.40, 32.50, 28.50, 1500, 35000.45
Chhattisgarh, Soybean, 14000.30, 14010.45, 670.25, 33.00, 29.00, 1500, 34000.20
Chhattisgarh, Groundnut, 16000.55, 16010.75, 700.65, 35.75, 30.00, 1600, 36000.45
Chhattisgarh, Mustard, 15000.40, 15010.55, 680.50, 34.00, 28.50, 1500, 35000.50
Chhattisgarh, Rice, 14000.25, 14010.30, 660.25, 31.75, 29.00, 1600, 34000.50
Chhattisgarh, Maize, 16000.70, 16010.90, 710.50, 37.50, 28.50, 1500, 37000.35
Chhattisgarh, Wheat, 17000.55, 17010.85, 730.65, 38.00, 29.00, 1600, 38000.45
Chhattisgarh, Sugarcane, 15000.50, 15010.75, 690.50, 39.25, 27.50, 1600, 37000.25
Chhattisgarh, Cotton, 14000.30, 14010.45, 680.25, 32.00, 28.00, 1500, 34000.20
Chhattisgarh, Soybean, 15000.65, 15010.85, 690.50, 35.75, 29.50, 1600, 35000.45
Chhattisgarh, Groundnut, 16000.55, 16010.75, 710.25, 36.00, 27.00, 1500, 37000.35
Chhattisgarh, Mustard, 14000.25, 14010.30, 660.40, 34.00, 28.50, 1600, 34000.50
Goa, Rice, 19000.50, 19010.75, 720.50, 38.00, 28.00, 3000, 39000.25
Goa, Coconut, 17000.40, 17010.55, 680.25, 36.00, 29.00, 3200, 37000.50
Goa, Cashew, 18000.65, 18010.85, 700.50, 37.50, 30.00, 3100, 38000.75
Goa, Banana, 16000.70, 16010.90, 660.35, 34.00, 27.50, 2900, 36000.35
Goa, Arecanut, 19000.55, 19010.85, 700.50, 32.75, 28.50, 3200, 39000.45
Goa, Pepper, 20000.50, 20010.75, 740.30, 40.00, 29.50, 3100, 42000.50
Goa, Ginger, 17000.55, 17010.85, 680.25, 34.25, 27.00, 3000, 37000.45
Goa, Turmeric, 18000.40, 18010.55, 700.50, 36.00, 28.00, 2900, 38000.50
Goa, Tomato, 16000.30, 16010.45, 650.35, 32.00, 29.50, 2700, 36000.20
Goa, Onion, 19000.70, 19010.90, 720.50, 38.00, 30.00, 3000, 39000.35
Goa, Rice, 18000.55, 18010.85, 700.50, 36.00, 28.50, 3100, 38000.45
Goa, Coconut, 17000.40, 17010.55, 680.25, 35.00, 27.00, 3200, 37000.50
Goa, Cashew, 19000.65, 19010.75, 720.50, 37.75, 29.00, 3100, 39000.75
Goa, Banana, 16000.30, 16010.45, 670.35, 33.50, 28.50, 2900, 36000.35
Goa, Arecanut, 18000.55, 18010.85, 690.50, 34.75, 29.00, 3100, 38000.45
Goa, Pepper, 20000.70, 20010.90, 750.25, 41.00, 30.50, 3200, 42000.60
Goa, Ginger, 17000.50, 17010.75, 690.40, 35.50, 27.50, 3000, 37000.35
Goa, Turmeric, 18000.55, 18010.85, 710.25, 37.00, 28.00, 2900, 38000.45
Goa, Tomato, 17000.30, 17010.45, 660.25, 33.00, 29.00, 2700, 37000.20
Goa, Onion, 19000.55, 19010.75, 740.30, 39.00, 30.50, 3000, 39000.45
Goa, Rice, 17000.40, 17010.55, 680.25, 35.00, 28.00, 3100, 37000.50
Goa, Coconut, 16000.70, 16010.90, 670.35, 34.00, 29.50, 3200, 36000.35
Goa, Cashew, 18000.55, 18010.85, 690.50, 36.00, 30.00, 3100, 38000.45
Goa, Banana, 17000.30, 17010.45, 680.25, 34.25, 28.50, 2900, 37000.20
Goa, Arecanut, 19000.70, 19010.90, 710.25, 35.75, 29.00, 3100, 39000.35
Goa, Pepper, 20000.50, 20010.75, 740.30, 40.50, 30.00, 3200, 42000.50
Goa, Ginger, 16000.55, 16010.75, 670.50, 32.75, 27.00, 3000, 36000.45
Goa, Turmeric, 18000.40, 18010.55, 690.50, 34.25, 28.00, 2900, 38000.50
Goa, Tomato, 17000.70, 17010.90, 680.25, 33.75, 29.50, 2700, 37000.35
Goa, Onion, 19000.55, 19010.75, 730.25, 37.00, 30.00, 3000, 39000.45
Goa, Rice, 18000.50, 18010.75, 690.50, 36.75, 27.50, 3100, 38000.25
Goa, Coconut, 17000.40, 17010.55, 680.25, 35.00, 28.00, 3200, 37000.50
Goa, Cashew, 19000.55, 19010.85, 720.50, 37.75, 29.00, 3100, 39000.75
Goa, Banana, 16000.30, 16010.45, 670.35, 34.00, 29.50, 2900, 36000.35
Goa, Arecanut, 18000.70, 18010.90, 690.50, 35.25, 29.00, 3100, 38000.45
Goa, Pepper, 20000.50, 20010.75, 740.30, 39.00, 30.00, 3200, 42000.50
Goa, Ginger, 17000.55, 17010.85, 680.25, 34.25, 27.50, 3000, 37000.45
Goa, Turmeric, 18000.40, 18010.55, 710.50, 37.00, 28.50, 2900, 38000.50
Goa, Tomato, 16000.70, 16010.90, 690.25, 35.75, 29.00, 2700, 36000.35
Goa, Onion, 19000.55, 19010.75, 740.30, 36.75, 30.00, 3000, 39000.45
Gujarat, Cotton, 15000.50, 15010.75, 700.50, 35.00, 30.00, 500, 38000.25
Gujarat, Groundnut, 16000.40, 16010.55, 680.25, 36.00, 31.00, 600, 37000.50
Gujarat, Wheat, 17000.65, 17010.85, 720.50, 38.00, 32.00, 700, 39000.75
Gujarat, Rice, 18000.70, 18010.90, 700.50, 37.00, 31.50, 800, 40000.35
Gujarat, Bajra, 14000.55, 14010.85, 660.25, 34.00, 32.00, 500, 36000.45
Gujarat, Jowar, 15000.30, 15010.45, 670.35, 34.50, 31.50, 600, 37000.20
Gujarat, Sugarcane, 16000.55, 16010.75, 680.50, 32.75, 30.00, 700, 38000.50
Gujarat, Soybean, 15000.40, 15010.55, 670.25, 33.00, 31.00, 600, 37000.45
Gujarat, Groundnut, 16000.70, 16010.85, 690.50, 35.00, 30.50, 700, 38000.35
Gujarat, Cotton, 15000.55, 15010.75, 680.25, 34.75, 30.00, 500, 37000.45
Gujarat, Wheat, 17000.30, 17010.45, 710.50, 36.00, 32.50, 600, 39000.50
Gujarat, Rice, 18000.55, 18010.85, 720.25, 37.50, 31.00, 800, 40000.45
Gujarat, Bajra, 14000.70, 14010.90, 670.35, 33.75, 30.00, 500, 36000.35
Gujarat, Jowar, 15000.55, 15010.75, 680.50, 34.25, 31.00, 600, 37000.45
Gujarat, Sugarcane, 16000.40, 16010.55, 690.50, 32.50, 30.00, 700, 38000.50
Gujarat, Soybean, 15000.30, 15010.45, 680.25, 34.00, 31.00, 600, 37000.20
Gujarat, Groundnut, 16000.65, 16010.85, 690.50, 35.50, 32.00, 700, 38000.75
Gujarat, Cotton, 15000.55, 15010.75, 670.25, 33.75, 30.50, 500, 37000.45
Gujarat, Wheat, 17000.70, 17010.90, 730.50, 38.00, 32.00, 600, 40000.35
Gujarat, Rice, 18000.30, 18010.45, 710.50, 37.00, 31.50, 800, 39000.50
Gujarat, Bajra, 14000.55, 14010.75, 660.25, 33.00, 30.00, 500, 36000.45
Gujarat, Jowar, 15000.40, 15010.55, 670.35, 32.75, 31.00, 600, 37000.35
Gujarat, Sugarcane, 16000.70, 16010.90, 680.50, 33.00, 30.00, 700, 38000.60
Gujarat, Soybean, 15000.55, 15010.75, 690.50, 34.00, 31.50, 600, 37000.45
Gujarat, Groundnut, 16000.40, 16010.55, 680.25, 34.75, 30.00, 700, 37000.50
Gujarat, Cotton, 15000.70, 15010.90, 690.50, 35.50, 31.00, 600, 38000.35
Gujarat, Wheat, 17000.55, 17010.85, 720.25, 36.00, 32.00, 700, 39000.45
Gujarat, Rice, 18000.30, 18010.45, 710.50, 37.00, 31.00, 800, 40000.50
Gujarat, Bajra, 14000.65, 14010.75, 660.35, 33.00, 30.50, 500, 36000.35
Gujarat, Jowar, 15000.55, 15010.85, 670.25, 34.50, 31.00, 600, 37000.45
Gujarat, Sugarcane, 16000.70, 16010.90, 690.50, 34.00, 30.00, 700, 38000.60
Gujarat, Soybean, 15000.55, 15010.75, 680.25, 33.75, 31.50, 600, 37000.50
Gujarat, Groundnut, 16000.40, 16010.55, 690.50, 35.00, 32.00, 700, 38000.35
Gujarat, Cotton, 15000.70, 15010.90, 680.25, 34.00, 30.50, 600, 37000.45
Gujarat, Wheat, 17000.55, 17010.85, 730.50, 38.00, 32.50, 700, 40000.45
Gujarat, Rice, 18000.30, 18010.45, 720.50, 37.50, 31.00, 800, 39000.50
Gujarat, Bajra, 14000.65, 14010.75, 670.35, 33.75, 30.00, 500, 36000.35
Gujarat, Jowar, 15000.40, 15010.55, 680.50, 34.00, 31.50, 600, 37000.50
Gujarat, Sugarcane, 16000.70, 16010.90, 690.50, 33.50, 30.00, 700, 38000.60
Gujarat, Soybean, 15000.55, 15010.75, 690.50, 34.25, 31.00, 600, 37000.45
Haryana, Wheat, 18000.50, 18010.75, 740.50, 37.00, 32.00, 400, 40000.25
Haryana, Rice, 17000.40, 17010.55, 720.25, 36.00, 31.50, 500, 39000.50
Haryana, Cotton, 16000.65, 16010.85, 690.50, 35.00, 30.00, 300, 38000.75
Haryana, Sugarcane, 19000.70, 19010.90, 730.25, 38.00, 32.50, 400, 42000.35
Haryana, Barley, 15000.55, 15010.85, 680.50, 34.00, 29.50, 500, 37000.45
Haryana, Mustard, 16000.30, 16010.45, 670.25, 33.50, 30.00, 400, 38000.20
Haryana, Pulses, 17000.55, 17010.85, 690.50, 35.75, 28.50, 500, 39000.45
Haryana, Soybean, 15000.40, 15010.55, 660.25, 32.00, 29.00, 400, 37000.35
Haryana, Sunflower, 16000.55, 16010.75, 680.50, 33.25, 30.50, 300, 38000.50
Haryana, Wheat, 18000.70, 18010.90, 730.50, 37.50, 32.00, 400, 40000.35
Haryana, Rice, 17000.55, 17010.75, 710.25, 36.00, 31.00, 500, 39000.45
Haryana, Cotton, 16000.40, 16010.55, 680.25, 35.00, 30.50, 300, 38000.20
Haryana, Sugarcane, 19000.70, 19010.90, 740.30, 38.50, 32.00, 400, 42000.60
Haryana, Barley, 15000.65, 15010.75, 670.35, 33.75, 29.50, 500, 37000.35
Haryana, Mustard, 16000.40, 16010.55, 680.25, 34.00, 30.00, 400, 38000.50
Haryana, Pulses, 17000.30, 17010.45, 690.50, 35.00, 28.00, 500, 39000.20
Haryana, Soybean, 15000.55, 15010.85, 670.25, 33.50, 29.50, 400, 37000.45
Haryana, Sunflower, 16000.70, 16010.90, 680.50, 34.00, 30.50, 300, 38000.60
Haryana, Wheat, 18000.55, 18010.75, 740.25, 36.75, 32.00, 400, 40000.45
Haryana, Rice, 17000.30, 17010.45, 720.50, 35.50, 31.00, 500, 39000.50
Haryana, Cotton, 16000.55, 16010.75, 690.50, 34.00, 30.00, 300, 38000.35
Haryana, Sugarcane, 19000.40, 19010.55, 730.25, 38.25, 32.50, 400, 42000.45
Haryana, Barley, 15000.70, 15010.90, 680.25, 34.50, 29.50, 500, 37000.50
Haryana, Mustard, 16000.30, 16010.45, 670.50, 33.00, 30.00, 400, 38000.20
Haryana, Pulses, 17000.55, 17010.75, 690.50, 35.00, 28.50, 500, 39000.45
Haryana, Soybean, 15000.40, 15010.55, 660.35, 32.00, 29.00, 400, 37000.35
Haryana, Sunflower, 16000.55, 16010.75, 680.25, 34.75, 30.50, 300, 38000.45
Haryana, Wheat, 18000.70, 18010.90, 730.50, 37.00, 32.00, 400, 40000.50
Haryana, Rice, 17000.55, 17010.75, 710.25, 36.50, 31.50, 500, 39000.35
Haryana, Cotton, 16000.40, 16010.55, 690.50, 34.50, 30.00, 300, 38000.20
Haryana, Sugarcane, 19000.55, 19010.75, 740.30, 37.75, 32.00, 400, 42000.50
Haryana, Barley, 15000.30, 15010.45, 670.25, 33.00, 29.50, 500, 37000.35
Haryana, Mustard, 16000.55, 16010.75, 680.25, 34.50, 30.00, 400, 38000.50
Haryana, Pulses, 17000.70, 17010.90, 700.50, 35.75, 28.00, 500, 39000.60
Haryana, Soybean, 15000.55, 15010.75, 670.35, 32.50, 29.00, 400, 37000.45
Haryana, Sunflower, 16000.40, 16010.55, 680.25, 34.00, 30.50, 300, 38000.35
Himachal Pradesh, Apple, 20000.50, 20010.75, 750.50, 40.00, 25.00, 1200, 45000.25
Himachal Pradesh, Potato, 17000.40, 17010.55, 700.25, 35.00, 20.00, 1000, 39000.50
Himachal Pradesh, Wheat, 18000.65, 18010.85, 720.50, 36.00, 22.00, 900, 40000.75
Himachal Pradesh, Rice, 16000.70, 16010.90, 680.25, 34.00, 23.00, 1100, 38000.35
Himachal Pradesh, Maize, 15000.55, 15010.85, 690.50, 35.50, 21.00, 1000, 37000.45
Himachal Pradesh, Barley, 14000.30, 14010.45, 670.25, 33.00, 22.50, 900, 36000.20
Himachal Pradesh, Beans, 16000.55, 16010.75, 680.50, 34.50, 24.00, 1100, 38000.50
Himachal Pradesh, Peas, 17000.40, 17010.55, 690.50, 35.00, 23.50, 1000, 39000.45
Himachal Pradesh, Apple, 21000.70, 21010.90, 760.25, 41.00, 24.00, 1300, 46000.60
Himachal Pradesh, Potato, 18000.55, 18010.75, 710.50, 36.00, 21.50, 1100, 40000.45
Himachal Pradesh, Wheat, 19000.30, 19010.45, 730.50, 37.00, 22.00, 950, 41000.50
Himachal Pradesh, Rice, 17000.55, 17010.75, 700.25, 34.50, 23.50, 1050, 39000.35
Himachal Pradesh, Maize, 16000.70, 16010.90, 680.50, 34.00, 22.00, 1000, 38000.45
Himachal Pradesh, Barley, 15000.55, 15010.85, 670.25, 33.50, 22.50, 900, 37000.35
Himachal Pradesh, Beans, 17000.40, 17010.55, 690.50, 35.00, 24.00, 1100, 39000.50
Himachal Pradesh, Peas, 18000.65, 18010.85, 700.25, 36.00, 23.50, 1000, 40000.75
Himachal Pradesh, Apple, 22000.70, 22010.90, 770.50, 42.00, 23.00, 1400, 47000.35
Himachal Pradesh, Potato, 19000.55, 19010.75, 720.25, 36.50, 22.00, 1100, 41000.45
Himachal Pradesh, Wheat, 20000.30, 20010.45, 740.50, 37.50, 23.00, 950, 42000.50
Himachal Pradesh, Rice, 18000.55, 18010.75, 710.25, 35.00, 23.00, 1050, 40000.35
Himachal Pradesh, Maize, 17000.70, 17010.90, 690.50, 35.50, 22.50, 1000, 39000.45
Himachal Pradesh, Barley, 16000.55, 16010.75, 680.25, 34.00, 22.00, 900, 38000.50
Himachal Pradesh, Beans, 18000.30, 18010.45, 700.50, 35.00, 24.00, 1100, 40000.35
Himachal Pradesh, Peas, 19000.55, 19010.75, 720.25, 36.00, 23.50, 1000, 41000.45
Himachal Pradesh, Apple, 23000.70, 23010.90, 780.50, 43.00, 24.00, 1500, 48000.50
Himachal Pradesh, Potato, 20000.55, 20010.75, 730.50, 37.00, 22.50, 1100, 42000.35
Himachal Pradesh, Wheat, 21000.30, 21010.45, 750.25, 37.50, 23.00, 950, 43000.50
Himachal Pradesh, Rice, 19000.55, 19010.75, 720.50, 36.00, 23.00, 1050, 41000.35
Himachal Pradesh, Maize, 18000.70, 18010.90, 700.25, 36.00, 22.50, 1000, 40000.45
Himachal Pradesh, Barley, 17000.55, 17010.85, 690.50, 35.00, 22.00, 900, 39000.35
Himachal Pradesh, Beans, 19000.40, 19010.55, 720.25, 36.50, 24.00, 1100, 41000.50
Himachal Pradesh, Peas, 20000.70, 20010.90, 730.50, 37.00, 23.50, 1000, 42000.60
Jharkhand, Rice, 16000.50, 16010.75, 700.25, 34.00, 26.00, 1100, 38000.25
Jharkhand, Maize, 15000.40, 15010.55, 680.50, 33.00, 27.00, 1200, 37000.50
Jharkhand, Wheat, 17000.65, 17010.85, 720.50, 35.00, 28.00, 1000, 39000.75
Jharkhand, Pulses, 14000.70, 14010.90, 660.25, 32.00, 25.00, 1100, 36000.35
Jharkhand, Sugarcane, 18000.55, 18010.75, 740.50, 36.00, 30.00, 1200, 40000.45
Jharkhand, Soybean, 15000.30, 15010.45, 670.25, 32.50, 26.00, 1100, 37000.20
Jharkhand, Cotton, 16000.55, 16010.75, 690.50, 34.00, 27.50, 1000, 38000.50
Jharkhand, Rice, 17000.40, 17010.55, 710.25, 35.00, 28.00, 1200, 39000.35
Jharkhand, Maize, 16000.70, 16010.90, 700.50, 34.50, 26.50, 1100, 38000.45
Jharkhand, Wheat, 18000.55, 18010.75, 730.50, 36.00, 27.00, 1000, 40000.50
Jharkhand, Pulses, 15000.30, 15010.45, 670.25, 32.00, 26.00, 1100, 37000.35
Jharkhand, Sugarcane, 19000.70, 19010.90, 750.25, 37.00, 29.50, 1200, 42000.35
Jharkhand, Soybean, 16000.55, 16010.75, 680.50, 33.00, 27.00, 1100, 38000.50
Jharkhand, Cotton, 17000.40, 17010.55, 690.50, 34.50, 28.00, 1000, 39000.50
Jharkhand, Rice, 18000.70, 18010.90, 720.25, 35.50, 28.50, 1200, 40000.60
Jharkhand, Maize, 17000.55, 17010.75, 690.50, 34.00, 26.50, 1100, 39000.45
Jharkhand, Wheat, 19000.30, 19010.45, 740.50, 36.50, 27.00, 1000, 41000.50
Jharkhand, Pulses, 16000.55, 16010.75, 680.25, 33.00, 25.50, 1100, 38000.35
Jharkhand, Sugarcane, 20000.70, 20010.90, 760.25, 37.50, 28.50, 1200, 43000.60
Jharkhand, Soybean, 17000.40, 17010.55, 670.25, 32.00, 26.00, 1100, 39000.50
Jharkhand, Cotton, 18000.55, 18010.75, 700.50, 34.00, 27.50, 1000, 40000.45
Jharkhand, Rice, 19000.70, 19010.90, 730.50, 36.00, 28.00, 1200, 41000.35
Jharkhand, Maize, 18000.55, 18010.75, 710.25, 35.00, 26.50, 1100, 40000.50
Jharkhand, Wheat, 20000.30, 20010.45, 740.50, 36.50, 27.00, 1000, 42000.50
Jharkhand, Pulses, 17000.40, 17010.55, 680.50, 33.50, 25.00, 1100, 39000.60
Jharkhand, Sugarcane, 21000.55, 21010.75, 760.50, 37.50, 28.00, 1200, 43000.45
Jharkhand, Soybean, 18000.70, 18010.90, 690.50, 34.00, 26.00, 1100, 40000.60
Jharkhand, Cotton, 19000.55, 19010.75, 700.25, 34.50, 27.50, 1000, 41000.50
Madhya Pradesh, Wheat, 17000.50, 17010.75, 740.50, 36.00, 30.00, 1200, 40000.25
Madhya Pradesh, Rice, 16000.40, 16010.55, 720.25, 35.00, 28.00, 1300, 39000.50
Madhya Pradesh, Maize, 15000.65, 15010.85, 680.50, 34.00, 29.00, 1100, 37000.75
Madhya Pradesh, Soybean, 14000.70, 14010.90, 670.25, 32.50, 30.00, 1200, 36000.35
Madhya Pradesh, Cotton, 16000.55, 16010.75, 690.50, 33.00, 28.50, 1000, 38000.50
Madhya Pradesh, Sugarcane, 18000.30, 18010.45, 740.25, 34.50, 29.00, 1300, 40000.20
Madhya Pradesh, Pulses, 15000.55, 15010.85, 670.50, 32.00, 27.50, 1100, 37000.35
Madhya Pradesh, Wheat, 18000.70, 18010.90, 750.50, 37.00, 30.00, 1200, 41000.60
Madhya Pradesh, Rice, 17000.55, 17010.75, 730.50, 36.00, 28.50, 1300, 40000.45
Madhya Pradesh, Maize, 16000.30, 16010.45, 690.50, 35.00, 29.00, 1100, 38000.35
Madhya Pradesh, Soybean, 15000.40, 15010.55, 680.25, 33.00, 30.00, 1200, 37000.50
Madhya Pradesh, Cotton, 17000.55, 17010.75, 700.50, 34.00, 28.50, 1000, 39000.45
Madhya Pradesh, Sugarcane, 19000.70, 19010.90, 760.25, 36.00, 29.50, 1300, 42000.35
Madhya Pradesh, Pulses, 16000.55, 16010.75, 690.50, 34.50, 27.00, 1100, 38000.50
Madhya Pradesh, Wheat, 19000.40, 19010.55, 740.50, 35.50, 29.00, 1200, 42000.60
Madhya Pradesh, Rice, 18000.55, 18010.75, 720.25, 34.00, 28.50, 1300, 41000.35
Madhya Pradesh, Maize, 17000.70, 17010.90, 700.50, 33.00, 29.00, 1100, 40000.50
Madhya Pradesh, Soybean, 16000.30, 16010.45, 680.25, 32.50, 30.00, 1200, 38000.35
Madhya Pradesh, Cotton, 18000.55, 18010.75, 690.50, 34.00, 28.50, 1000, 39000.45
Madhya Pradesh, Sugarcane, 20000.70, 20010.90, 770.50, 37.00, 29.50, 1300, 43000.60
Madhya Pradesh, Pulses, 17000.40, 17010.55, 680.50, 33.00, 27.50, 1100, 39000.60
Madhya Pradesh, Wheat, 20000.55, 20010.75, 750.25, 36.50, 30.00, 1200, 43000.35
Madhya Pradesh, Rice, 19000.30, 19010.45, 730.50, 35.00, 28.00, 1300, 42000.50
Madhya Pradesh, Maize, 18000.70, 18010.90, 720.25, 34.00, 29.00, 1100, 41000.45
Madhya Pradesh, Soybean, 17000.55, 17010.75, 690.50, 33.50, 30.00, 1200, 40000.60
Madhya Pradesh, Cotton, 19000.40, 19010.55, 700.25, 34.00, 28.50, 1000, 41000.50
Maharashtra, Sugarcane, 20000.50, 20010.75, 800.50, 40.00, 30.00, 1200, 45000.25
Maharashtra, Cotton, 18000.40, 18010.55, 750.25, 38.00, 31.00, 1100, 42000.50
Maharashtra, Soybean, 16000.65, 16010.85, 720.50, 36.00, 30.00, 1000, 40000.75
Maharashtra, Wheat, 17000.70, 17010.90, 740.25, 37.00, 29.00, 1100, 41000.60
Maharashtra, Rice, 15000.55, 15010.75, 690.50, 34.00, 28.00, 1200, 38000.50
Maharashtra, Maize, 14000.30, 14010.45, 680.25, 33.00, 27.00, 1000, 37000.35
Maharashtra, Pulses, 15000.55, 15010.85, 670.25, 32.50, 28.00, 1100, 37000.50
Maharashtra, Sugarcane, 21000.70, 21010.90, 820.25, 41.00, 30.50, 1300, 46000.60
Maharashtra, Cotton, 19000.55, 19010.75, 760.50, 39.00, 31.50, 1100, 43000.45
Maharashtra, Soybean, 17000.40, 17010.55, 730.50, 36.50, 30.00, 1000, 41000.35
Maharashtra, Wheat, 18000.55, 18010.75, 750.50, 37.50, 29.50, 1100, 42000.50
Maharashtra, Rice, 16000.70, 16010.90, 700.50, 34.50, 28.50, 1200, 39000.45
Maharashtra, Maize, 15000.30, 15010.45, 690.25, 33.50, 27.50, 1000, 38000.35
Maharashtra, Pulses, 16000.55, 16010.75, 680.50, 34.00, 28.50, 1100, 38000.50
Maharashtra, Sugarcane, 22000.70, 22010.90, 830.50, 42.00, 31.00, 1400, 47000.60
Maharashtra, Cotton, 20000.55, 20010.75, 770.25, 40.00, 32.00, 1200, 44000.35
Maharashtra, Soybean, 18000.30, 18010.45, 740.50, 37.00, 30.50, 1000, 42000.50
Maharashtra, Wheat, 19000.55, 19010.75, 760.25, 38.00, 30.00, 1100, 43000.45
Maharashtra, Rice, 17000.40, 17010.55, 710.50, 35.00, 28.00, 1200, 40000.60
Maharashtra, Maize, 16000.55, 16010.75, 700.50, 34.00, 27.50, 1100, 39000.50
Maharashtra, Pulses, 17000.70, 17010.90, 690.50, 33.50, 28.00, 1100, 39000.35
Maharashtra, Sugarcane, 23000.55, 23010.75, 840.25, 43.00, 32.00, 1500, 48000.45
Maharashtra, Cotton, 21000.40, 21010.55, 780.50, 41.00, 32.50, 1300, 45000.35
Maharashtra, Soybean, 19000.70, 19010.90, 750.25, 38.00, 30.00, 1200, 43000.60
Maharashtra, Wheat, 20000.55, 20010.75, 770.50, 38.50, 30.50, 1300, 44000.75
Maharashtra, Rice, 18000.30, 18010.45, 730.25, 36.00, 29.00, 1300, 41000.45
Maharashtra, Maize, 17000.55, 17010.75, 720.50, 35.00, 28.00, 1200, 40000.50
Maharashtra, Pulses, 18000.70, 18010.90, 700.25, 34.00, 27.50, 1100, 41000.60
Manipur, Rice, 15000.50, 15010.75, 680.25, 34.00, 24.00, 1100, 37000.25
Manipur, Maize, 14000.40, 14010.55, 650.50, 32.00, 23.00, 1200, 36000.50
Manipur, Pulses, 13000.65, 13010.85, 620.50, 30.00, 25.00, 1100, 35000.75
Manipur, Sugarcane, 16000.70, 16010.90, 690.25, 33.00, 27.00, 1200, 38000.60
Manipur, Cotton, 15000.55, 15010.75, 670.50, 32.00, 28.00, 1000, 37000.45
Manipur, Soybean, 14000.30, 14010.45, 650.25, 31.50, 26.00, 1100, 36000.35
Manipur, Rice, 16000.55, 16010.75, 700.50, 35.00, 25.50, 1200, 38000.50
Manipur, Maize, 15000.70, 15010.90, 670.25, 33.50, 24.50, 1100, 37000.60
Manipur, Pulses, 14000.55, 14010.75, 640.50, 32.00, 26.00, 1200, 36000.45
Manipur, Sugarcane, 17000.40, 17010.55, 710.50, 36.00, 28.00, 1300, 40000.35
Manipur, Cotton, 16000.30, 16010.45, 680.25, 34.00, 29.00, 1100, 38000.50
Manipur, Soybean, 15000.55, 15010.75, 660.50, 33.00, 27.00, 1200, 37000.60
Manipur, Rice, 17000.70, 17010.90, 720.25, 37.00, 26.00, 1300, 39000.60
Manipur, Maize, 16000.55, 16010.75, 690.50, 35.50, 25.50, 1200, 38000.45
Manipur, Pulses, 15000.30, 15010.45, 660.25, 34.00, 26.50, 1100, 37000.35
Manipur, Sugarcane, 18000.55, 18010.75, 730.50, 37.00, 28.50, 1400, 41000.50
Manipur, Cotton, 17000.40, 17010.55, 700.25, 36.00, 29.00, 1300, 40000.45
Manipur, Soybean, 16000.70, 16010.90, 680.50, 35.00, 27.50, 1200, 39000.60
Manipur, Rice, 18000.55, 18010.75, 740.50, 38.00, 26.50, 1300, 41000.45
Manipur, Maize, 17000.30, 17010.45, 710.25, 36.50, 25.00, 1200, 40000.35
Manipur, Pulses, 16000.55, 16010.75, 670.25, 34.00, 27.00, 1100, 39000.50
Manipur, Sugarcane, 19000.70, 19010.90, 750.25, 39.00, 28.00, 1400, 43000.60
Manipur, Cotton, 18000.55, 18010.75, 720.50, 37.00, 29.50, 1300, 42000.35
Manipur, Soybean, 17000.40, 17010.55, 700.50, 36.00, 28.00, 1200, 40000.60
Meghalaya, Rice, 14000.50, 14010.75, 650.25, 33.00, 22.00, 1300, 36000.25
Meghalaya, Maize, 13000.40, 13010.55, 620.50, 32.00, 21.00, 1400, 35000.50
Meghalaya, Pulses, 12000.65, 12010.85, 600.50, 30.00, 23.00, 1300, 34000.75
Meghalaya, Soybean, 13000.70, 13010.90, 610.25, 31.50, 24.00, 1400, 35000.60
Meghalaya, Cotton, 14000.55, 14010.75, 630.50, 32.00, 25.00, 1200, 36000.45
Meghalaya, Sugarcane, 15000.30, 15010.45, 640.25, 33.00, 26.00, 1300, 37000.35
Meghalaya, Rice, 15000.55, 15010.75, 660.50, 34.00, 24.50, 1400, 38000.50
Meghalaya, Maize, 14000.70, 14010.90, 640.25, 33.50, 23.50, 1300, 37000.60
Meghalaya, Pulses, 13000.55, 13010.75, 620.50, 32.00, 24.00, 1400, 36000.45
Meghalaya, Soybean, 14000.30, 14010.45, 630.25, 33.00, 25.00, 1300, 37000.35
Meghalaya, Cotton, 15000.55, 15010.75, 650.50, 34.00, 26.00, 1200, 38000.45
Meghalaya, Sugarcane, 16000.70, 16010.90, 670.25, 35.00, 27.00, 1400, 39000.60
Meghalaya, Rice, 16000.55, 16010.75, 680.50, 36.00, 25.50, 1300, 39000.50
Meghalaya, Maize, 15000.30, 15010.45, 650.50, 35.00, 24.00, 1300, 38000.35
Meghalaya, Pulses, 14000.55, 14010.75, 630.25, 33.50, 24.50, 1400, 37000.60
Meghalaya, Soybean, 15000.70, 15010.90, 640.50, 34.00, 25.00, 1300, 38000.45
Meghalaya, Cotton, 16000.55, 16010.75, 660.50, 35.00, 26.00, 1200, 39000.60
Meghalaya, Sugarcane, 17000.40, 17010.55, 680.25, 36.00, 27.00, 1400, 40000.35
Meghalaya, Rice, 17000.55, 17010.75, 690.50, 37.00, 26.50, 1300, 40000.50
Meghalaya, Maize, 16000.70, 16010.90, 670.25, 35.50, 25.00, 1300, 39000.45
Meghalaya, Pulses, 15000.30, 15010.45, 650.50, 34.00, 26.00, 1400, 38000.35
Meghalaya, Soybean, 16000.55, 16010.75, 660.50, 34.50, 27.00, 1300, 39000.60
Mizoram, Rice, 15000.50, 15010.75, 670.25, 34.00, 23.00, 1400, 37000.25
Mizoram, Maize, 14000.40, 14010.55, 640.50, 32.00, 22.00, 1500, 36000.50
Mizoram, Pulses, 13000.65, 13010.85, 620.50, 31.00, 24.00, 1400, 35000.75
Mizoram, Soybean, 14000.70, 14010.90, 630.25, 32.50, 25.00, 1500, 36000.60
Mizoram, Cotton, 15000.55, 15010.75, 650.50, 33.00, 26.00, 1300, 37000.45
Mizoram, Sugarcane, 16000.30, 16010.45, 660.25, 33.50, 27.00, 1400, 38000.35
Mizoram, Rice, 16000.55, 16010.75, 690.50, 35.00, 24.50, 1500, 38000.50
Mizoram, Maize, 15000.70, 15010.90, 660.25, 34.00, 23.50, 1400, 37000.60
Mizoram, Pulses, 14000.55, 14010.75, 630.50, 32.00, 25.00, 1500, 36000.45
Mizoram, Soybean, 15000.30, 15010.45, 640.25, 33.00, 26.00, 1400, 37000.35
Mizoram, Cotton, 16000.55, 16010.75, 660.50, 34.00, 27.00, 1300, 38000.50
Mizoram, Sugarcane, 17000.40, 17010.55, 680.25, 35.00, 28.00, 1500, 39000.35
Mizoram, Rice, 17000.55, 17010.75, 700.50, 36.00, 25.50, 1500, 39000.50
Mizoram, Maize, 16000.70, 16010.90, 670.25, 35.00, 24.00, 1400, 38000.45
Mizoram, Pulses, 15000.30, 15010.45, 650.50, 33.50, 25.00, 1500, 37000.35
Mizoram, Soybean, 16000.55, 16010.75, 660.50, 34.00, 26.00, 1400, 38000.60
Mizoram, Cotton, 17000.40, 17010.55, 680.25, 35.00, 27.50, 1500, 39000.50
Mizoram, Sugarcane, 18000.55, 18010.75, 700.50, 36.00, 28.00, 1600, 40000.60
Mizoram, Rice, 18000.30, 18010.45, 720.25, 37.00, 26.50, 1500, 40000.50
Mizoram, Maize, 17000.55, 17010.75, 690.50, 36.00, 25.00, 1400, 39000.45
Mizoram, Pulses, 16000.70, 16010.90, 670.25, 34.00, 26.00, 1500, 38000.60
Mizoram, Soybean, 17000.40, 17010.55, 680.50, 34.50, 27.00, 1500, 39000.75
Nagaland, Rice, 14000.50, 14010.75, 660.25, 32.00, 22.00, 1500, 36000.25
Nagaland, Maize, 13000.40, 13010.55, 630.50, 30.00, 21.00, 1600, 35000.50
Nagaland, Pulses, 12000.65, 12010.85, 600.50, 29.00, 23.00, 1500, 34000.75
Nagaland, Soybean, 13000.70, 13010.90, 620.25, 30.50, 24.00, 1600, 35000.60
Nagaland, Cotton, 14000.55, 14010.75, 640.50, 31.00, 25.00, 1400, 36000.45
Nagaland, Sugarcane, 15000.30, 15010.45, 650.25, 32.00, 26.00, 1500, 37000.35
Nagaland, Rice, 15000.55, 15010.75, 680.50, 33.00, 24.50, 1600, 37000.50
Nagaland, Maize, 14000.70, 14010.90, 650.25, 32.50, 23.50, 1500, 36000.60
Nagaland, Pulses, 13000.55, 13010.75, 620.50, 31.00, 24.00, 1600, 35000.45
Nagaland, Soybean, 14000.30, 14010.45, 630.25, 32.00, 25.00, 1500, 36000.35
Nagaland, Cotton, 15000.55, 15010.75, 650.50, 33.00, 26.00, 1400, 37000.50
Nagaland, Sugarcane, 16000.40, 16010.55, 670.25, 34.00, 27.00, 1600, 38000.35
Nagaland, Rice, 16000.55, 16010.75, 700.50, 35.00, 25.50, 1600, 38000.50
Nagaland, Maize, 15000.30, 15010.45, 670.25, 34.00, 24.00, 1500, 37000.35
Nagaland, Pulses, 14000.55, 14010.75, 630.50, 32.50, 25.00, 1600, 36000.60
Nagaland, Soybean, 15000.70, 15010.90, 640.50, 33.00, 26.00, 1500, 37000.45
Nagaland, Cotton, 16000.55, 16010.75, 660.50, 34.00, 27.00, 1400, 38000.60
Nagaland, Sugarcane, 17000.40, 17010.55, 690.25, 35.00, 28.00, 1600, 39000.35
Nagaland, Rice, 17000.55, 17010.75, 720.50, 36.00, 26.50, 1600, 39000.50
Nagaland, Maize, 16000.70, 16010.90, 690.50, 35.00, 25.00, 1500, 38000.45
Nagaland, Pulses, 15000.30, 15010.45, 660.50, 33.50, 26.00, 1600, 37000.35
Nagaland, Soybean, 16000.55, 16010.75, 670.25, 34.00, 27.00, 1500, 38000.60
Odisha, Rice, 13000.50, 13010.75, 690.25, 34.00, 26.00, 1200, 37000.25
Odisha, Maize, 12000.40, 12010.55, 660.50, 32.00, 25.00, 1300, 36000.50
Odisha, Pulses, 11000.65, 11010.85, 630.50, 30.00, 27.00, 1200, 35000.75
Odisha, Soybean, 12000.70, 12010.90, 640.25, 31.50, 28.00, 1300, 36000.60
Odisha, Cotton, 13000.55, 13010.75, 670.50, 32.00, 29.00, 1100, 37000.45
Odisha, Sugarcane, 14000.30, 14010.45, 680.25, 33.00, 30.00, 1200, 38000.35
Odisha, Rice, 14000.55, 14010.75, 720.50, 35.00, 28.50, 1300, 38000.50
Odisha, Maize, 13000.70, 13010.90, 690.25, 34.00, 27.50, 1200, 37000.60
Odisha, Pulses, 12000.55, 12010.75, 660.50, 32.00, 28.00, 1300, 36000.45
Odisha, Soybean, 13000.30, 13010.45, 670.25, 33.00, 29.00, 1200, 37000.35
Odisha, Cotton, 14000.55, 14010.75, 690.50, 34.00, 30.00, 1100, 38000.50
Odisha, Sugarcane, 15000.40, 15010.55, 710.25, 35.00, 31.00, 1200, 39000.35
Odisha, Rice, 15000.55, 15010.75, 740.50, 36.00, 29.50, 1300, 39000.50
Odisha, Maize, 14000.30, 14010.45, 710.25, 35.00, 28.00, 1200, 38000.35
Odisha, Pulses, 13000.55, 13010.75, 680.50, 33.50, 29.00, 1300, 37000.60
Odisha, Soybean, 14000.70, 14010.90, 690.50, 34.00, 30.00, 1200, 38000.45
Odisha, Cotton, 15000.55, 15010.75, 710.50, 35.00, 31.00, 1100, 39000.60
Odisha, Sugarcane, 16000.40, 16010.55, 730.25, 36.00, 32.00, 1200, 40000.35
Odisha, Rice, 16000.55, 16010.75, 760.50, 37.00, 30.00, 1300, 40000.50
Odisha, Maize, 15000.30, 15010.45, 740.50, 36.50, 29.00, 1200, 39000.35
Odisha, Pulses, 14000.55, 14010.75, 710.50, 34.00, 30.00, 1300, 38000.60
Odisha, Soybean, 15000.70, 15010.90, 720.25, 35.00, 31.00, 1200, 39000.45
Punjab, Rice, 12000.50, 12010.75, 750.25, 35.00, 22.00, 600, 38000.25
Punjab, Wheat, 11000.40, 11010.55, 720.50, 34.00, 23.00, 500, 37000.50
Punjab, Maize, 13000.65, 13010.85, 680.50, 33.00, 24.00, 600, 36000.75
Punjab, Pulses, 12000.70, 12010.90, 650.25, 32.00, 25.00, 550, 35000.60
Punjab, Cotton, 14000.55, 14010.75, 670.50, 32.50, 26.00, 500, 37000.45
Punjab, Sugarcane, 15000.30, 15010.45, 680.25, 33.00, 27.00, 600, 38000.35
Punjab, Rice, 13000.55, 13010.75, 740.50, 34.00, 22.50, 600, 37000.50
Punjab, Wheat, 12000.70, 12010.90, 710.25, 33.00, 23.50, 500, 36000.60
Punjab, Maize, 14000.55, 14010.75, 690.50, 32.00, 24.00, 550, 37000.45
Punjab, Pulses, 13000.30, 13010.45, 660.25, 31.00, 25.00, 600, 36000.35
Punjab, Cotton, 15000.55, 15010.75, 710.50, 32.50, 26.00, 500, 38000.50
Punjab, Sugarcane, 16000.40, 16010.55, 720.25, 33.00, 27.00, 600, 39000.35
Punjab, Rice, 14000.55, 14010.75, 760.50, 35.00, 22.00, 600, 38000.50
Punjab, Wheat, 13000.30, 13010.45, 730.50, 34.00, 23.00, 500, 37000.35
Punjab, Maize, 15000.70, 15010.90, 700.25, 32.50, 24.00, 550, 38000.45
Punjab, Pulses, 14000.55, 14010.75, 680.50, 31.00, 25.00, 600, 37000.60
Punjab, Cotton, 16000.55, 16010.75, 720.50, 33.00, 26.00, 500, 39000.60
Punjab, Sugarcane, 17000.40, 17010.55, 740.25, 34.00, 27.00, 600, 40000.35
Rajasthan, Wheat, 15000.50, 15010.75, 850.25, 33.00, 28.00, 250, 38000.25
Rajasthan, Barley, 14000.40, 14010.55, 800.50, 32.00, 29.00, 200, 37000.50
Rajasthan, Maize, 13000.65, 13010.85, 750.50, 31.00, 30.00, 300, 36000.75
Rajasthan, Pulses, 12000.70, 12010.90, 700.25, 30.00, 31.00, 250, 35000.60
Rajasthan, Cotton, 14000.55, 14010.75, 740.50, 32.00, 32.00, 200, 36000.45
Rajasthan, Sugarcane, 15000.30, 15010.45, 750.25, 33.00, 33.00, 250, 37000.35
Rajasthan, Wheat, 16000.55, 16010.75, 860.50, 34.00, 28.50, 300, 39000.50
Rajasthan, Barley, 15000.70, 15010.90, 810.25, 33.00, 29.50, 250, 38000.60
Rajasthan, Maize, 14000.55, 14010.75, 760.50, 32.50, 30.00, 300, 37000.45
Rajasthan, Pulses, 13000.30, 13010.45, 720.25, 31.00, 31.50, 250, 36000.35
Rajasthan, Cotton, 15000.55, 15010.75, 750.50, 33.00, 32.00, 200, 37000.50
Rajasthan, Sugarcane, 16000.40, 16010.55, 770.25, 34.00, 33.00, 250, 38000.35
Rajasthan, Wheat, 17000.55, 17010.75, 880.50, 35.00, 29.00, 300, 40000.50
Rajasthan, Barley, 16000.30, 16010.45, 820.25, 34.00, 30.00, 250, 39000.35
Rajasthan, Maize, 15000.55, 15010.75, 770.50, 33.50, 31.00, 300, 38000.45
Rajasthan, Pulses, 14000.70, 14010.90, 740.25, 32.00, 32.00, 250, 37000.60
Rajasthan, Cotton, 16000.55, 16010.75, 760.50, 33.50, 33.00, 200, 38000.50
Rajasthan, Sugarcane, 17000.40, 17010.55, 790.25, 34.50, 34.00, 250, 39000.60
Sikkim, Rice, 16000.50, 16010.75, 400.25, 28.00, 20.00, 1500, 34000.25
Sikkim, Maize, 15000.40, 15010.55, 380.50, 27.00, 21.00, 1600, 33000.50
Sikkim, Pulses, 14000.65, 14010.85, 360.50, 26.00, 22.00, 1500, 32000.75
Sikkim, Soybean, 15000.70, 15010.90, 370.25, 26.50, 23.00, 1600, 33000.60
Sikkim, Cotton, 16000.55, 16010.75, 380.50, 27.00, 24.00, 1500, 34000.45
Sikkim, Sugarcane, 17000.30, 17010.45, 390.25, 27.50, 25.00, 1600, 35000.35
Sikkim, Rice, 17000.55, 17010.75, 420.50, 28.50, 22.50, 1600, 35000.50
Sikkim, Maize, 16000.70, 16010.90, 400.25, 28.00, 21.50, 1500, 34000.60
Sikkim, Pulses, 15000.55, 15010.75, 370.50, 27.00, 23.00, 1600, 33000.45
Sikkim, Soybean, 16000.30, 16010.45, 380.25, 27.50, 24.00, 1500, 34000.35
Sikkim, Cotton, 17000.55, 17010.75, 390.50, 28.00, 25.00, 1600, 35000.50
Sikkim, Sugarcane, 18000.40, 18010.55, 410.25, 28.50, 26.00, 1600, 36000.35
Sikkim, Rice, 18000.55, 18010.75, 440.50, 29.00, 23.00, 1600, 36000.50
Sikkim, Maize, 17000.30, 17010.45, 420.25, 28.50, 22.00, 1500, 35000.35
Sikkim, Pulses, 16000.55, 16010.75, 390.50, 27.50, 24.00, 1600, 34000.60
Sikkim, Soybean, 17000.70, 17010.90, 400.25, 28.00, 25.00, 1600, 35000.45
Sikkim, Cotton, 18000.55, 18010.75, 410.50, 28.50, 26.00, 1600, 36000.60
Sikkim, Sugarcane, 19000.40, 19010.55, 430.25, 29.00, 27.00, 1600, 37000.35
Telangana, Rice, 14000.50, 14010.75, 700.25, 34.00, 26.00, 1000, 37000.25
Telangana, Cotton, 13000.40, 13010.55, 670.50, 32.00, 27.00, 900, 36000.50
Telangana, Maize, 12000.65, 12010.85, 650.50, 31.00, 28.00, 1100, 35000.75
Telangana, Pulses, 11000.70, 11010.90, 620.25, 30.00, 29.00, 1000, 34000.60
Telangana, Soybean, 13000.55, 13010.75, 640.50, 32.00, 30.00, 1100, 36000.45
Telangana, Sugarcane, 14000.30, 14010.45, 650.25, 32.50, 31.00, 1000, 37000.35
Telangana, Rice, 15000.55, 15010.75, 720.50, 35.00, 26.50, 1100, 38000.50
Telangana, Cotton, 14000.70, 14010.90, 690.25, 34.00, 27.50, 1000, 37000.60
Telangana, Maize, 13000.55, 13010.75, 670.50, 33.00, 28.00, 1100, 36000.45
Telangana, Pulses, 12000.30, 12010.45, 640.25, 31.50, 29.00, 1000, 35000.35
Telangana, Soybean, 14000.55, 14010.75, 660.50, 33.00, 30.00, 1100, 37000.50
Telangana, Sugarcane, 15000.40, 15010.55, 680.25, 34.00, 31.50, 1000, 38000.35
Telangana, Rice, 16000.55, 16010.75, 740.50, 35.50, 27.00, 1100, 39000.50
Telangana, Cotton, 15000.30, 15010.45, 710.25, 34.50, 28.00, 1000, 38000.35
Telangana, Maize, 14000.55, 14010.75, 680.50, 33.00, 29.00, 1100, 37000.60
Telangana, Pulses, 13000.70, 13010.90, 650.25, 32.00, 30.00, 1000, 36000.45
Telangana, Soybean, 15000.55, 15010.75, 670.25, 33.50, 31.00, 1100, 38000.50
Telangana, Sugarcane, 16000.40, 16010.55, 700.50, 34.00, 32.00, 1000, 39000.35
Tripura, Rice, 15000.50, 15010.75, 500.25, 30.00, 25.00, 2200, 35000.25
Tripura, Maize, 14000.40, 14010.55, 480.50, 29.00, 26.00, 2300, 34000.50
Tripura, Pulses, 13000.65, 13010.85, 460.50, 28.00, 27.00, 2200, 33000.75
Tripura, Soybean, 14000.70, 14010.90, 470.25, 28.50, 28.00, 2300, 34000.60
Tripura, Cotton, 15000.55, 15010.75, 480.50, 29.00, 29.00, 2200, 35000.45
Tripura, Sugarcane, 16000.30, 16010.45, 490.25, 29.50, 30.00, 2300, 36000.35
Tripura, Rice, 16000.55, 16010.75, 520.50, 31.00, 25.50, 2300, 36000.50
Tripura, Maize, 15000.70, 15010.90, 500.25, 30.00, 26.50, 2200, 35000.60
Tripura, Pulses, 14000.55, 14010.75, 470.50, 29.00, 27.50, 2300, 34000.45
Tripura, Soybean, 15000.30, 15010.45, 480.25, 29.50, 28.00, 2200, 35000.35
Tripura, Cotton, 16000.55, 16010.75, 490.50, 30.00, 29.50, 2300, 36000.50
Tripura, Sugarcane, 17000.40, 17010.55, 510.25, 30.50, 30.50, 2300, 37000.35
Tripura, Rice, 17000.55, 17010.75, 540.50, 31.50, 26.00, 2300, 37000.50
Tripura, Maize, 16000.30, 16010.45, 520.25, 31.00, 27.00, 2200, 36000.35
Tripura, Pulses, 15000.55, 15010.75, 490.50, 30.00, 28.00, 2300, 35000.60
Tripura, Soybean, 16000.70, 16010.90, 500.25, 30.50, 29.00, 2200, 36000.45
Tripura, Cotton, 17000.55, 17010.75, 510.50, 31.00, 30.00, 2300, 37000.60
Tripura, Sugarcane, 18000.40, 18010.55, 530.25, 31.50, 31.00, 2300, 38000.35
Uttarakhand, Rice, 14000.50, 14010.75, 500.25, 28.00, 22.00, 1800, 35000.25
Uttarakhand, Wheat, 13000.40, 13010.55, 470.50, 27.00, 23.00, 1500, 34000.50
Uttarakhand, Maize, 12000.65, 12010.85, 450.50, 26.00, 24.00, 1600, 33000.75
Uttarakhand, Pulses, 11000.70, 11010.90, 430.25, 25.00, 25.00, 1500, 32000.60
Uttarakhand, Soybean, 12000.55, 12010.75, 440.50, 26.50, 26.00, 1600, 33000.45
Uttarakhand, Sugarcane, 13000.30, 13010.45, 450.25, 27.00, 27.00, 1500, 34000.35
Uttarakhand, Rice, 15000.55, 15010.75, 530.50, 29.00, 23.00, 1600, 36000.50
Uttarakhand, Wheat, 14000.70, 14010.90, 500.25, 28.00, 24.00, 1500, 35000.60
Uttarakhand, Maize, 13000.55, 13010.75, 470.50, 27.00, 25.00, 1600, 34000.45
Uttarakhand, Pulses, 12000.30, 12010.45, 440.25, 26.00, 26.00, 1500, 33000.35
Uttarakhand, Soybean, 13000.55, 13010.75, 450.50, 27.00, 27.00, 1600, 34000.50
Uttarakhand, Sugarcane, 14000.40, 14010.55, 470.25, 28.00, 28.00, 1500, 35000.35
Uttarakhand, Rice, 16000.55, 16010.75, 550.50, 30.00, 24.00, 1600, 37000.50
Uttarakhand, Wheat, 15000.30, 15010.45, 520.25, 29.00, 25.00, 1500, 36000.35
Uttarakhand, Maize, 14000.55, 14010.75, 490.50, 28.00, 26.00, 1600, 35000.60
Uttarakhand, Pulses, 13000.70, 13010.90, 460.25, 27.00, 27.00, 1500, 34000.45
Uttarakhand, Soybean, 14000.55, 14010.75, 470.50, 28.00, 28.00, 1600, 35000.50
Uttarakhand, Sugarcane, 15000.40, 15010.55, 490.25, 29.00, 29.00, 1500, 36000.35
Uttar Pradesh, Rice, 13000.50, 13010.75, 750.25, 32.00, 25.00, 1000, 36000.25
Uttar Pradesh, Wheat, 12000.40, 12010.55, 700.50, 31.00, 26.00, 800, 35000.50
Uttar Pradesh, Maize, 11000.65, 11010.85, 680.50, 30.00, 27.00, 900, 34000.75
Uttar Pradesh, Pulses, 10000.70, 10010.90, 650.25, 29.00, 28.00, 800, 33000.60
Uttar Pradesh, Soybean, 11000.55, 11010.75, 660.50, 30.50, 29.00, 900, 34000.45
Uttar Pradesh, Sugarcane, 12000.30, 12010.45, 670.25, 31.00, 30.00, 800, 35000.35
Uttar Pradesh, Rice, 14000.55, 14010.75, 800.50, 33.00, 26.00, 1000, 37000.50
Uttar Pradesh, Wheat, 13000.70, 13010.90, 750.25, 32.00, 27.00, 800, 36000.60
Uttar Pradesh, Maize, 12000.55, 12010.75, 720.50, 31.00, 28.00, 900, 35000.45
Uttar Pradesh, Pulses, 11000.30, 11010.45, 690.25, 30.00, 29.00, 800, 34000.35
Uttar Pradesh, Soybean, 13000.55, 13010.75, 700.50, 32.00, 30.00, 900, 36000.50
Uttar Pradesh, Sugarcane, 14000.40, 14010.55, 720.25, 33.00, 31.00, 800, 37000.35
Uttar Pradesh, Rice, 15000.55, 15010.75, 850.50, 34.00, 27.00, 1000, 38000.50
Uttar Pradesh, Wheat, 14000.30, 14010.45, 800.25, 33.00, 28.00, 800, 37000.35
Uttar Pradesh, Maize, 13000.55, 13010.75, 770.50, 32.00, 29.00, 900, 36000.60
Uttar Pradesh, Pulses, 12000.70, 12010.90, 740.25, 31.00, 30.00, 800, 35000.45
Uttar Pradesh, Soybean, 14000.55, 14010.75, 750.50, 32.50, 31.00, 900, 37000.50
Uttar Pradesh, Sugarcane, 15000.40, 15010.55, 770.25, 33.00, 32.00, 800, 38000.35
West Bengal, Rice, 15000.50, 15010.75, 800.25, 34.00, 27.00, 2000, 37000.25
West Bengal, Wheat, 14000.40, 14010.55, 750.50, 33.00, 28.00, 1800, 36000.50
West Bengal, Maize, 13000.65, 13010.85, 720.50, 32.00, 29.00, 1900, 35000.75
West Bengal, Pulses, 12000.70, 12010.90, 690.25, 31.00, 30.00, 1800, 34000.60
West Bengal, Soybean, 13000.55, 13010.75, 700.50, 32.50, 31.00, 1900, 35000.45
West Bengal, Sugarcane, 14000.30, 14010.45, 710.25, 33.00, 32.00, 1800, 36000.35
West Bengal, Rice, 16000.55, 16010.75, 850.50, 35.00, 27.50, 1900, 38000.50
West Bengal, Wheat, 15000.70, 15010.90, 800.25, 34.00, 28.50, 1800, 37000.60
West Bengal, Maize, 14000.55, 14010.75, 770.50, 33.00, 29.50, 1900, 36000.45
West Bengal, Pulses, 13000.30, 13010.45, 740.25, 32.00, 30.50, 1800, 35000.35
West Bengal, Soybean, 15000.55, 15010.75, 750.50, 33.00, 31.50, 1900, 37000.50
West Bengal, Sugarcane, 16000.40, 16010.55, 780.25, 34.00, 32.50, 1800, 38000.35
West Bengal, Rice, 17000.55, 17010.75, 900.50, 36.00, 28.00, 1900, 39000.50
West Bengal, Wheat, 16000.30, 16010.45, 850.25, 35.00, 29.00, 1800, 38000.35
West Bengal, Maize, 15000.55, 15010.75, 820.50, 34.00, 30.00, 1900, 37000.60
West Bengal, Pulses, 14000.70, 14010.90, 790.25, 33.00, 31.00, 1800, 36000.45
West Bengal, Soybean, 16000.55, 16010.75, 800.50, 34.50, 32.00, 1900, 38000.50
West Bengal, Sugarcane, 17000.40, 17010.55, 830.25, 35.00, 33.00, 1800, 39000.35
